"countrycode","country","SH.MED.BEDS.ZS","SH.MED.PHYS.ZS","SH.MED.NUMW.P3","SH.UHC.SRVS.CV.XD","SH.XPD.CHEX.GD.ZS","SH.XPD.CHEX.PC.CD","SH.XPD.CHEX.PP.CD","SH.XPD.OOPC.CH.ZS","SH.XPD.OOPC.PC.CD","SH.XPD.OOPC.PP.CD","SH.STA.DIAB.ZS","SP.DYN.LE00.FE.IN","SP.DYN.LE00.IN","SP.DYN.LE00.MA.IN","SP.DYN.AMRT.FE","SP.DYN.AMRT.MA","SH.DYN.NCOM.ZS","SH.DYN.NCOM.FE.ZS","SH.DYN.NCOM.MA.ZS","SH.DTH.COMM.ZS","SH.DTH.INJR.ZS","SH.DTH.NCOM.ZS","SH.H2O.BASW.ZS","SH.H2O.BASW.UR.ZS","SH.H2O.BASW.RU.ZS","SH.STA.BASS.ZS","SH.STA.BASS.UR.ZS","SH.STA.BASS.RU.ZS","SP.POP.80UP.FE.5Y","SP.POP.80UP.MA.5Y","SP.POP.65UP.FE.ZS","SP.POP.65UP.MA.ZS","SP.POP.65UP.TO.ZS","SP.POP.0014.FE.ZS","SP.POP.0014.MA.ZS","SP.POP.0014.TO.ZS","SP.POP.1564.FE.ZS","SP.POP.1564.MA.ZS","SP.POP.1564.TO.ZS","EN.POP.DNST","SP.RUR.TOTL.ZS","SP.URB.TOTL.IN.ZS","NY.GDP.FCST.CD","NY.GDP.PCAP.CD","covid19_deaths_per_100k","in_high","in_medium","in_low"
"AFG","Afghanistan",0.5,0.2782,0.1755,37,11.7771938443184,67.1226501464844,174.73063659668,75.482577085495,50.6659126281738,132.750457763672,9.2,66.026,64.486,63.047,192.532,237.554,29.8,27.7,31.8,36.4,19.5,44.1,67.0646234205214,95.9087428631025,57.3212921179853,43.4176100145511,62.2614377318993,37.0523036711377,0.322093255034699,0.23277847150654,2.88223387710586,2.36315643326709,2.61579421390507,42.5967924641436,42.3542018790124,42.4722713889586,54.5209736587505,55.2826416877205,54.9119343971364,56.937760009803,74.246,25.754,18204988943.6931,502.115486913067,3.69593894119603,FALSE,FALSE,TRUE
"AGO","Angola",0.8,0.2146,0.4075,40,2.79150027781725,114.45964050293,185.854034423828,34.1210126876831,39.0547943115234,63.415283203125,4.5,63.666,60.782,58.064,220.291,327.044,16.5,16,17.2,63.4,9.2,27.4,55.8429048722414,71.2429565218332,27.4442923016968,49.8769787577501,64.3256498006045,23.2327684619097,0.334603607346031,0.201463608984286,2.41000291035365,1.9842196578307,2.19934175001363,45.9657150390659,47.2923627572035,46.6220250275763,51.6242820505804,50.7234175849658,51.17863322241,24.7130520574316,33.823,66.177,99286446046.5,2973.59115979868,0.336210552015307,FALSE,FALSE,TRUE
"ARG","Argentina",5,3.9901,2.5996,76,9.12431478500366,1324.603515625,1916.50415039063,15.0185272097588,198.935943603516,287.830688476563,5.9,79.863,76.52,73.082,79.483,147.086,15.8,12.2,19.7,15.9,6.5,77.6,99.078374648261,99.6353228779752,92.9836600501062,94.2585054176821,95.8562321549307,76.774394263034,3.46012469451935,1.77314977074516,12.9789147513913,9.42020926757722,11.2431082719004,23.5659563560464,25.6767613270477,24.5955258782711,63.4551288925624,64.9030294053751,64.1613658498285,16.2585100979651,8.009,91.991,377532742734.366,10006.1489736082,18.9101992954315,FALSE,TRUE,FALSE
"ARM","Armenia",4.2,4.4023,6.107,69,10.3627048432827,407.635864257813,1001.06903076172,84.348076581955,343.832977294922,844.382507324219,6.1,78.354,74.945,71.215,65.595,173.428,22.3,15,30.9,2.8,3.9,93.3,99.9133765368804,99.8627268754811,100,93.6423072695355,99.7389232843522,83.2155842091337,3.86789568064022,2.44726217575465,13.1788958408742,9.57478388435306,11.4836677169087,18.3856072836889,23.446148803718,20.7659520084822,68.4354968754369,66.9790673119289,67.7503802746092,103.680224798033,36.781,63.219,12121772498.044,4622.73349328671,29.7187269565758,FALSE,TRUE,FALSE
"AUT","Austria",7.6,5.1697,7.0899,79,10.3966169059277,4939.87548828125,5617.396484375,19.2032665014267,948.617431640625,1078.72351074219,6.6,84.1,81.6926829268293,79.4,41.779,79.032,11.4,8.5,14.4,2.6,5.2,92.2,100,100,100,99.9729096123263,99.9533680135601,100,6.60266078392724,4.01664179544516,21.2693324369606,16.8133841946033,19.0756062856682,13.7110931406367,15.0329751575051,14.361857631549,65.0195744224028,68.1536406478916,66.5625360827828,107.127966860564,41.485,58.515,398978420371.372,50277.2750874213,8.25723180865933,TRUE,FALSE,FALSE
"AZE","Azerbaijan",4.7,3.446,6.4338,65,6.65182918310165,275.809356689453,1163.86193847656,83.8561415672302,231.283081054688,975.969787597656,6.1,75.336,72.864,70.345,89.073,149.499,22.2,16.1,28.7,8.8,4.6,86.6,91.3857399436573,99.3052806509215,81.571128383976,92.5114453471259,96.4432786282146,87.6387617158749,1.7471583710677,0.976328163970339,7.49353373536955,5.39587235143747,6.4463891203953,21.8357931471009,25.0532413951498,23.4419198468747,70.6706731175295,69.5508862534127,70.11169103273,120.23431716463,43.969,56.031,43860470588.2353,4793.58701966989,5.3275771555886,FALSE,TRUE,FALSE
"BDI","Burundi",0.8,0.1001,0.8526,42,7.51757025718689,23.5004329681396,59.188663482666,25.4629760980606,5.98391008377075,15.0711965560913,5.1,63.031,61.247,59.435,253.135,310.651,22.9,22.7,23.1,55.8,12.1,32.1,60.8305489209566,89.76972567577,56.6183336001938,45.8212048667364,41.7032468245098,46.4205911725319,0.348785848414263,0.221035609796698,2.56370503832945,2.05636032109177,2.31209531524,44.71651384845,46.0958652125166,45.4006476690678,52.7197811132205,51.8477744663916,52.2872570156922,435.178271028037,86.634,13.366,2644778436.36267,261.247472515742,0.00867259062423573,FALSE,FALSE,TRUE
"BEL","Belgium",6.2,3.0709,19.4614,84,10.338669270277,4507.3564453125,5119.07470703125,17.6382228732109,795.017578125,902.913818359375,4.6,83.9,81.5951219512195,79.4,49.245,80.262,11.4,8.6,14.1,7.9,6.4,85.7,100.000003337637,100,100,99.486060200783,99.486125385406,99.4827656473256,7.10662102145097,4.28242842178007,21.1183992990894,16.850749166722,19.0065660669321,16.3925202566231,17.7377348319061,17.0582030426729,62.4890804442876,65.411516001372,63.935230890395,377.379590488771,1.959,98.041,472389920432.156,46116.69923368,86.162945057299,TRUE,FALSE,FALSE
"BEN","Benin",0.5,0.0791,0.3888,40,3.71858216822147,30.7664470672607,84.6509857177734,44.979926943779,13.8387269973755,38.0759544372559,1,63.003,61.47,59.914,211.008,258.647,19.6,19.3,19.9,54.1,10.2,35.7,66.4147253381272,75.7461755777649,58.216399404835,16.4529205701784,26.5050695879069,7.6214107982782,0.537285349401301,0.331576152861122,3.73625927364192,2.79198527444742,3.26488492520772,41.5281151357173,42.8850825698289,42.2055187667711,54.7356255906408,54.3229321557237,54.5295963080211,101.853919829727,52.139,47.861,13126511803.5573,1219.43267185875,0.338949988861256,FALSE,FALSE,TRUE
"BFA","Burkina Faso",0.4,0.0847,0.8829,40,6.91505968570709,44.403491973877,129.064270019531,31.6775947809219,14.0659589767456,40.8844604492188,7.3,61.863,61.174,60.361,228.16,260.379,21.7,21.2,22.5,56.3,11,32.7,47.8881273382888,79.8640679936693,34.9899638562062,19.4020870942332,39.3788255520362,11.3440524223371,0.305899312623475,0.17330894440495,2.91736197056521,1.89592318472997,2.40728753729201,43.8268170125272,45.5310001976788,44.6778215532431,53.2558210169076,52.5730766175912,52.9148909094649,72.1912828947368,70.02,29.98,13638803270.2919,774.8396902346,0.270650937155935,FALSE,FALSE,TRUE
"BGD","Bangladesh",0.8,0.5809,0.4124,48,2.27424874901772,36.2823371887207,94.3020172119141,73.8847374916077,26.807107925415,69.6747970581055,9.2,74.291,72.32,70.637,114.505,151.411,21.6,20.4,22.6,25.6,7.5,66.9,97.0160055709065,97.4872737369218,96.752547385615,48.2332427177019,50.6943955746015,46.8573575801886,1.10354687044005,0.940895271808228,5.19195274628967,5.16902636378143,5.18035134847486,26.9416907644607,27.4807532492353,27.2143653845367,67.8663564892496,67.3502203869833,67.6052832669884,1239.57931166936,62.595,37.405,287982102606.237,1855.73982408046,2.62563679742205,FALSE,TRUE,FALSE
"BGR","Bulgaria",6.8,4.0332,4.8156,66,8.09560343623161,663.715087890625,1689.68713378906,46.5525686740875,308.976409912109,786.5927734375,6,78.6,74.9634146341464,71.5,86.496,183.956,23.6,15.5,32,2.2,2.6,95.2,99.1083428248685,99.4687868785394,98.0458504576704,86.0036981124037,86.7803837953092,83.7142370950987,5.9813953255818,3.43232783949902,24.7055676525661,17.5980146197678,21.252967270985,13.8796737723757,15.5382826272759,14.6853789199869,61.4147585750583,66.8637027529563,64.0616538090281,64.7110998526161,24.653,75.347,58539557527.1895,9737.60135083347,9.01693736353639,FALSE,TRUE,FALSE
"BIH","Bosnia and Herzegovina",3.5,2.1616,5.7333,61,8.93166735768318,460.473327636719,1172.36730957031,29.1393101215363,134.178741455078,341.619750976563,9,79.72,77.262,74.752,59.775,115.278,17.8,12.9,23.1,1.8,3.7,94.5,96.1423560850213,94.845704401265,97.3333333333333,95.3602353087281,98.8671783667694,92.1391008702539,4.4482273175557,2.78111255635364,19.354423081833,14.9585075201061,17.2011511663132,14.0153271673953,15.400430109123,14.6937594668282,66.6302497507717,69.6410623707709,68.1050893668585,64.92048828125,51.374,48.626,16621625550.9129,6073.26520283208,18.448954862163,FALSE,TRUE,FALSE
"BLR","Belarus",11,5.1905,11.0027,76,5.92578575015068,342.499908447266,1129.11328125,27.5150001049042,94.2388458251953,310.675537109375,5,79.4,74.1756097560976,69.2,82.559,234.903,23.7,13.8,35.2,2.5,7,90.5,96.4839711880651,95.9757006506951,98.3001911497766,97.7909519750284,98.2191150223269,96.2610038795633,5.68307228743971,1.95935692364826,19.1458043707506,10.6704155286707,15.2008413514816,15.5612592271226,18.7303021673383,17.0363201515465,65.2929364021268,70.599282303991,67.7628384969718,46.7195037884204,20.956,79.044,54817860216.0818,6663.29529282582,7.19351810146896,FALSE,TRUE,FALSE
"BOL","Bolivia",1.1,1.5901,1.5589,68,6.44316077232361,220.274566650391,491.677062988281,25.0778466463089,55.2401237487793,123.302024841309,6.8,74.209,71.239,68.434,138.315,219.194,17.2,16.8,17.7,22.4,13.1,64.5,92.8487351793025,99.4414769188784,78.1195418513171,60.7169375713243,71.746197468182,36.0758841670595,1.94584765198027,1.41556239684643,7.91990429565513,6.76202948606749,7.33863164569056,30.0802774435331,31.1659037260466,30.6252616584586,61.9998182608118,62.0720667878859,62.0361066958508,10.4801458506416,30.227,69.773,34208221273.5166,3552.0687621416,43.6633052783351,FALSE,TRUE,FALSE
"BRA","Brazil",2.2,2.1643,10.119,79,9.46747660636902,928.79931640625,1472.23095703125,27.4554938077927,255.006439208984,404.208312988281,10.4,79.362,75.672,72.024,91.421,188.528,16.6,13.5,20,13.9,12.2,73.9,98.1933926745912,99.5345519236895,89.7386139292663,88.2938494055597,92.7588534653415,60.1461435999187,2.32660614212601,1.43739089795394,10.3586434571452,8.10637794124849,9.25160803606065,20.2100073111873,21.8359539032649,21.0091937329952,69.4313492316675,70.0576681554866,69.7391982309441,25.0617162430876,13.176,86.824,1575047973836.99,8717.18627810819,57.5130405291076,FALSE,TRUE,FALSE
"BWA","Botswana",1.8,0.5269,5.403,61,6.13456815481186,465.929321289063,1044.29724121094,2.99324225634336,13.9463930130005,31.2583484649658,5.8,72.049,69.275,66.204,161.962,249.384,20.3,17.9,23.4,46,8.3,45.7,90.3377133593968,97.0850555944388,75.5280534168967,77.2692247843667,89.4208567049734,50.5977547118997,0.672754493786499,0.338654143733687,5.04511229527559,3.64154181431736,4.36589534127101,32.3339108446881,35.2914777276334,33.7649873225515,62.6209768600363,61.0669804580492,61.8691173361775,3.97742487604327,29.828,70.172,16665523108.2476,7961.33814014048,0.260450918675503,FALSE,TRUE,TRUE
"CAF","Central African Republic",1,0.0721,0.2063,33,5.82177564501762,24.1500549316406,41.9893684387207,31.1890989542007,7.53218412399292,13.0961046218872,6,54.991,52.805,50.649,371.323,452.968,23.1,22.4,23.9,63.7,10.3,26,46.3337584314195,64.7363535146365,33.7461631055046,25.3196707449267,49.1001966669436,9.05350634853817,0.464147256859627,0.219857966056583,3.3681179137943,2.25176904666848,2.81479015043671,43.2915093811398,44.5596101655929,43.9200157633475,53.3403727050659,53.1886207877387,53.2651940862158,7.49041221227006,58.23,41.77,2156478208.46511,467.907440636335,1.30658762514001,FALSE,FALSE,TRUE
"CAN","Canada",2.7,2.6102,9.9438,89,10.5727694928646,4754.94775390625,4928.6279296875,14.2197504639626,676.141723632813,700.838562011719,7.6,84.1,81.9487804878049,79.9,51.763,82.625,9.8,8.1,11.5,5.6,6.1,88.3,99.4362440848302,99.5635973972603,98.8807449726027,99.2860128514909,99.4112568493151,98.7397144109589,5.20543838705399,3.48900624439156,18.9357739753283,16.3406620009612,17.6478968899213,15.3582066587081,16.3409259592649,15.8458997418597,65.7060193659637,67.3184120397739,66.506203368219,4.07518823864492,18.518,81.482,1622884211361.24,46194.7252255167,24.2782100909563,TRUE,FALSE,FALSE
"CHE","Switzerland",4.7,4.2957,17.5357,83,12.3463220894337,9956.259765625,8216.9580078125,28.9469867944717,2882.037109375,2378.5615234375,5.7,85.7,83.7536585365854,81.9,35.896,58.204,8.6,6.6,10.6,4.3,6.1,89.6,100.000002880374,100,100,99.8903735152104,99.8998998998999,99.8635827281161,6.35894889971598,4.06615311567853,20.5180455815457,17.1302527941087,18.8379960576695,14.4432770683723,15.4462887331332,14.9406758995806,65.038677350082,67.4234584727581,66.2213280427499,215.465350480429,26.151,73.849,683153587381.45,81993.7271494202,20.1170122050205,TRUE,FALSE,FALSE
"CHL","Chile",2.2,2.5912,13.3248,70,8.9835099875927,1381.98620605469,2228.55688476563,33.5341811180115,463.437713623047,747.328308105469,8.6,82.381,80.042,77.552,59.035,107.669,12.4,10.1,14.8,8.1,7.1,84.7,99.8327911983629,99.8088808367941,100,100.000001352226,100,100,3.47530623778064,2.02747358264073,13.3414586763044,10.3797201687816,11.8815401277688,18.8797681977628,20.1264235251249,19.4942728586762,67.7787731259328,69.4938563060935,68.624187013555,25.1894460666519,12.357,87.643,258564339602.449,14896.4538665789,59.5661532548637,FALSE,TRUE,FALSE
"CIV","CÃ´te d'Ivoire",0.4,0.2314,0.6048,47,4.45303432643414,69.7492446899414,175.661117553711,39.3607437610626,27.453821182251,69.1415252685547,2.4,58.741,57.422,56.251,325.098,360.552,29.1,30.1,28.2,52.4,10.4,37.2,72.8689464400465,87.708161229067,57.8349576582524,32.134907136788,46.0669439466144,18.020003613628,0.298178954145657,0.265788904538744,2.74097050245371,3.00294291612142,2.87311934294126,41.8915414961199,41.5409852441067,41.7147031887333,55.3674880014264,55.4560718397719,55.4121774683255,78.8340534591195,48.761,51.239,54532696604.0918,2286.162776855,0.454960044397879,FALSE,FALSE,TRUE
"CMR","Cameroon",1.3,0.0881,0.9164,46,4.67066690325737,67.8118133544922,173.862335205078,70.9576010704041,48.1176338195801,123.368545532227,6,60.192,58.921,57.656,281.332,317.692,21.6,20.9,22.3,53.9,10.9,35.2,60.3848639473574,77.3304001692438,39.0120216289774,39.075550156475,55.9472769998015,17.7958011571215,0.361381735140969,0.239035333117773,3.01979080983444,2.42762556329525,2.72364990775371,41.9973270892754,42.7267987889886,42.3621310245096,54.9828821008902,54.8455756477161,54.9142190677367,53.3439889149796,43.032,56.968,34758664711.876,1497.90917560296,1.58832108664349,FALSE,FALSE,TRUE
"COD","Democratic Republic of the Congo",0.8,0.074,1.1101,41,3.97872291505337,19.4316463470459,37.3322334289551,40.1247203350067,7.79689359664917,14.9794540405273,6,61.901,60.368,58.852,224.637,273.573,19.4,19.2,19.7,61.7,10.3,28,43.2433220399021,69.3498146736695,22.8307622964198,20.4559768639167,23.3823008974729,18.1678960787373,0.448882962651477,0.311010595025479,3.29897094565366,2.73391625860766,3.01693961741257,45.5233772314782,46.4811078844361,46.0013989769188,51.1776518228682,50.7849758569562,50.9816614056687,37.0825923557045,54.954,45.046,44988368497.8778,545.216212311342,0.296115129654586,FALSE,FALSE,TRUE
"COL","Colombia",1.5,2.1848,1.3309,76,7.22628086805344,459.197570800781,1039.15979003906,16.3084268569946,74.8879013061523,169.470611572266,7.4,79.859,77.109,74.33,77.999,151.616,15.8,13.5,18.3,10.1,15,74.8,97.3001096098102,99.9381928,86.4469113521274,89.6253577567162,92.8936970056793,76.1792595928905,2.09284230037559,1.52140194915323,9.57675820691674,7.92467407995398,8.76583000729666,21.71461294571,23.5607353529752,22.6207846598541,68.7086288473733,68.5145905670708,68.6133853328492,44.7487021180712,18.896,81.104,293159717215.619,6432.38758339551,39.0608215510052,FALSE,TRUE,FALSE
"CRI","Costa Rica",1.2,2.8939,3.4144,77,7.32879638671875,869.077758789063,1262.16430664063,21.2553903460503,184.725845336914,268.277954101563,9.1,82.73,80.095,77.539,56.969,113.079,11.5,9.4,13.7,6.4,10.2,83.3,99.7015139130359,99.74713,99.53438,97.8183602521861,98.3758607035873,95.7755904472819,2.4595429267547,1.81531385639627,10.5847790633111,9.17551720706796,9.88043532311942,20.5785137713652,21.5792104700859,21.0786358005381,68.8367071653237,69.2452723228461,69.0409288763425,97.9130630630631,19.924,80.076,57023494183.1578,12238.3749643984,8.63783518416122,FALSE,TRUE,FALSE
"CUB","Cuba",5.2,8.4218,7.5614,83,11.7113269865513,987.627014160156,2485.81079101563,10.4826636612415,103.52961730957,260.579162597656,9.6,80.706,78.726,76.763,73.993,113.198,16.4,13.8,19,8.4,7.9,83.7,95.3275823079684,96.8291220445894,90.3072287506625,92.8102417631483,92.2168964128755,94.7940984320558,4.21820415048069,3.13472382731265,16.8071788270942,14.305780031301,15.5649591568629,15.4904973327753,16.6017759999773,16.0423499113203,67.7023238401306,69.0924439687217,68.3926909318168,108.999596231494,22.891,77.109,9.8897e+10,8821.81889125004,0.829400811736339,FALSE,TRUE,FALSE
"CYP","Cyprus",3.4,1.9509,5.2512,78,6.68456926941872,1731.69445800781,2430.17602539063,44.6320354938507,772.890502929688,1084.63708496094,9,82.913,80.828,78.735,32.883,64.711,11.3,7.5,15.2,4.1,4.7,91.1,99.6132861489321,99.5474270334579,99.7460209596415,99.1523114561557,99.5325670685768,98.3859833339321,3.88234489226184,2.54598304346593,15.2862532685219,12.8101759227895,14.0482656487913,16.2020234382431,17.2121669222439,16.7070896689819,68.511723293235,69.9776571549666,69.2446446822268,128.708333333333,33.195,66.805,21349557819.3216,27858.3709958327,1.7520805957074,TRUE,FALSE,FALSE
"CZE","Czech Republic",6.5,4.1208,8.3955,76,7.23133906722069,1475.91516113281,2753.3837890625,14.8091018199921,218.569793701172,407.751403808594,7,82,79.0292682926829,76.2,51.325,108.785,15,10.2,20,5.4,4.7,89.9,99.8802587968555,99.9026509321019,99.8175993035151,99.1340992258206,99.0927419354839,99.2498533285798,5.33623402783598,2.86454392897578,22.5243963205881,16.9904049478503,19.8007448446372,15.0613649781665,16.4056078475802,15.7229501266184,62.4142387012454,66.6039872045695,64.4763050287444,137.657705257705,26.079,73.921,222059544963.97,23101.7777049854,3.97386657874174,TRUE,TRUE,FALSE
"DEU","Germany",8.3,4.2488,13.2352,83,11.2468346953392,5033.4521484375,5922.63818359375,12.6729190349579,637.88525390625,750.571166992188,10.4,83.3,80.8926829268293,78.6,48.026,86.511,12.1,8.9,15.2,4.8,4,91.2,100,100,100,99.2250375649813,99.2936427850656,98.991935483871,8.40123686205507,5.30040220256847,23.9348597403549,19.1319838013494,21.5629923209089,13.199735279212,14.414197734909,13.7994884756758,62.865404980433,66.4538184637416,64.6375192034153,237.30759674834,22.624,77.376,3461962607349.01,46258.8782897052,11.1893261286679,TRUE,FALSE,FALSE
"DNK","Denmark",2.5,4.0099,10.3195,81,10.1082794368267,5800.1513671875,5509.99560546875,13.7384653091431,796.851867675781,756.988830566406,8.3,82.9,80.9536585365854,79.1,51.652,82.426,11.3,9.5,13.1,6.5,3.8,89.7,99.9999989354737,100,100,99.5972288164915,99.5971802618328,99.5975855130785,5.54833307778051,3.66791047896763,21.3891162064706,18.5253227546563,19.965259128921,15.8712771840721,16.9367091430658,16.4009587177549,62.7396066094573,64.5379681022779,63.6337821533242,137.976565849012,12.006,87.994,303440273807.484,59822.0929608968,10.724315822164,TRUE,FALSE,FALSE
"DOM","Dominican Republic",1.6,1.56,1.3802,74,6.13639503717422,433.208587646484,985.729248046875,44.7381973266602,193.809692382813,440.997497558594,8.6,77.196,73.892,70.805,114.55,197.349,19,16.5,21.7,15.8,12,72.3,96.6902247501612,98.2651623711809,90.2798890990542,83.8932063216788,86.4281622366088,73.5753810012313,1.82327180504467,1.44703941226172,7.76738729580091,6.82876405231413,7.29838965754406,27.1345318113096,28.2835817836017,27.7086938974899,65.0980808928895,64.8876541640842,64.9929164449661,219.97857586421,18.172,81.828,82194760102.8562,8282.1162218645,15.9233325989356,FALSE,TRUE,FALSE
"DZA","Algeria",1.9,1.7193,1.5477,78,6.37432187795639,258.494293212891,974.807678222656,32.5488388538361,84.1368942260742,317.288604736328,6.7,77.938,76.693,75.494,80.672,102.851,14.2,13.2,15.2,14.8,9.5,75.7,93.55588814365,95.4429324438939,88.6909565051127,87.5865709329942,89.6723686741351,82.2092377425238,1.39258131147966,1.19948048857394,6.75031126504385,6.35930685096498,6.55277788191286,30.2272906074846,30.8668326217055,30.5503786096104,63.0223981274716,62.7738605273295,62.8968435084768,17.7300750711665,26.811,73.189,156858917212.395,3948.34327892571,3.50730055061831,FALSE,TRUE,FALSE
"ECU","Ecuador",1.5,2.0368,2.5059,77,8.25742930173874,518.029602050781,958.857666015625,39.3985062837601,204.095932006836,377.775604248047,5.5,79.645,76.8,74.058,88.072,161.14,13,12.2,13.9,15.1,12.8,72.2,93.9945365448314,100,83.4696777860368,87.9887160353163,90.8604772589504,82.9558151792668,1.80254446244862,1.33709422728554,7.92441009447011,6.82038877683149,7.37219936706493,27.1108823160205,28.302545070259,27.7069681682538,64.9647075895094,64.8770661529095,64.9208324646813,68.7886817522951,36.014,63.986,100040645000,6183.82382482173,37.7352799887554,FALSE,TRUE,FALSE
"EGY","Egypt",1.6,0.4521,1.9262,68,5.28763681650162,105.768455505371,613.808776855469,60.0825130939484,63.5483512878418,368.791748046875,17.2,74.162,71.825,69.599,105.456,182.7,27.7,23.8,31.5,10.2,5.8,84.1,99.1057304582077,99.4929590931025,98.817108408073,94.1930218824391,98.301319132641,91.1308899323113,0.972208522229636,0.582322289912628,5.88320736353745,4.6821003789652,5.27633297632877,33.1789383599396,34.4770523292783,33.8348301595549,60.9378542765229,60.8408472917565,60.8888368641163,98.8734692852479,57.27,42.73,294516858759.798,3020.03134971543,5.40004388768375,FALSE,TRUE,FALSE
"ERI","Eritrea",0.7,0.0628,1.4397,38,2.87002343684435,32.9119987487793,59.2736396789551,59.1215252876282,19.4580745697021,35.0434799194336,5.1,68.162,65.941,63.79,202.445,276.241,23.9,22.7,25.3,42.9,11.9,45.2,51.8497184170396,89.73822452625,27.80157647,11.939966186728,21.9929971275001,5.55922596000002,0.564450154130415,0.404092211701495,4.45040297871414,3.71706324802498,4.08385636215873,39.4000889632669,40.9617668514918,40.1807794218494,56.149508058019,55.3211699004833,55.7353642159919,31.8215049504951,64.229,35.771,1804988234.14634,642.507659063694,0,FALSE,FALSE,TRUE
"ESP","Spain",3,3.8723,5.7295,83,8.87312963604927,2506.46484375,3468.69213867188,23.5657900571823,590.668273925781,817.424682617188,6.9,86.3,83.4317073170732,80.7,37.537,74.537,9.9,6.4,13.6,5.1,3.5,91.4,99.9262783083572,99.9079452054795,100,99.9042308892552,99.8804134628666,100,7.66725574477331,4.69618714593769,21.8475425819858,17.3713259312194,19.6478229478216,13.8754643627093,15.3027736847845,14.5768719690892,64.276993055305,67.3259003839961,65.7753050830892,93.6771974435832,19.435,80.565,1264701699011.76,29613.6711379783,61.9243698926653,TRUE,FALSE,FALSE
"EST","Estonia",5,4.4833,11.1558,75,6.42935782670975,1300.48168945313,2153.33959960938,23.6646249890327,307.754089355469,509.579650878906,4.2,82.7,78.2439024390244,74,56.077,154.542,17,10.3,25,2.8,4.5,92.7,99.7128268353268,99.9510695490753,99.1894970358732,99.1465538894863,99.0416854094714,99.3769105696622,8.17283551471125,3.22632638926569,24.8253634000598,14.5980217865202,19.9918077800442,15.1448521722461,17.9339829499574,16.4632692841539,60.0297844276941,67.4679952635224,63.544922935802,30.4112491373361,30.949,69.051,27307060057.8603,23659.8722900339,4.82439939996532,TRUE,TRUE,FALSE
"ETH","Ethiopia",0.3,0.0769,0.7135,39,3.50255742669106,25.2619533538818,66.6621627807617,34.4089895486832,8.6923828125,22.9377784729004,4.3,68.165,66.24,64.35,184.812,236.779,18.3,18,18.7,49,11.7,39.3,41.0599521347594,80.2701087912739,31.0667485557101,7.31633289543501,19.598275691944,4.18612493343316,0.548620856319597,0.450493078101186,3.78876744587846,3.24487638518591,3.51669045500426,39.8429636827851,40.8294453862997,40.3364411784466,56.3682688713364,55.9256782285144,56.1468683665491,109.224559,78.775,21.225,90668195902.4151,857.501351042922,0.721814031975559,FALSE,FALSE,TRUE
"FIN","Finland",4.4,3.8118,14.7374,78,9.20693874359131,4205.74267578125,4255.2236328125,20.2274233102798,850.713317871094,860.72216796875,5.6,84.5,81.7341463414634,79.1,44.026,89.21,10.2,7.2,13.3,1.3,5.5,93.2,100.000002210125,100,100,99.4478441199711,99.4470046082949,99.452710322836,6.97413749768712,4.03041936631209,24.466398497798,19.7489008913872,22.1406446239043,15.4291931867567,16.6202455989821,16.0163415492983,60.1044083154453,63.6308535096307,61.8430138267974,18.1485472672831,14.554,85.446,232595457850.98,48685.8539866945,6.0684953790672,TRUE,FALSE,FALSE
"FRA","France",6.5,3.2672,11.4707,78,11.3128922879696,4379.72705078125,5011.20068359375,9.38421934843063,411.003204345703,470.262023925781,4.8,85.9,82.7243902439024,79.7,48.187,95.352,10.6,7.2,14.1,6,6.4,87.6,100.000001502877,100,100,98.6500115526393,98.5901309164149,98.8922457200403,7.63903257102457,4.6033284467627,22.4815376246268,18.1640726731411,20.3913702817859,16.862791356002,18.8031661983219,17.8021578717479,60.6556710193712,63.0327611285371,61.8064718464662,122.299437237519,19.291,80.709,2414830779317.64,40493.9285720456,45.683047452794,TRUE,FALSE,FALSE
"GAB","Gabon",6.3,0.6819,2.946,49,2.78074592351913,204.492248535156,499.612976074219,25.1563906669617,51.44287109375,125.684600830078,6,68.323,66.187,64.152,182.317,238.333,14.4,13.9,14.9,49.9,9.1,41,85.7710036556955,89.5766952253948,55.0548082803078,47.413276717843,48.653270717995,37.405131689253,0.669457400978632,0.376968916788406,4.02968531094744,3.07731388402737,3.54472725732873,37.5146522928846,36.856531235084,37.1795455999529,58.455662396168,60.0661548808887,59.2757271427184,8.22476423332169,10.259,89.741,15707412613.5198,7667.36686126914,2.43949702174236,FALSE,FALSE,TRUE
"GBR","United Kingdom",2.8,2.8117,8.1723,87,9.63169410824776,3858.67431640625,4338.37255859375,15.9568220376968,615.721801757813,692.266357421875,3.9,83.1,81.2560975609756,79.5,55.36,86.107,10.9,9,12.9,7.7,3.5,88.8,100.00000147558,100,100,99.1102954789708,99.0363966900702,99.4747743229689,5.92328104915321,4.17990110470509,19.7848012240129,17.2010979437616,18.5086956390397,17.0758851573344,18.3308124522978,17.6957005233157,63.1393136186527,64.4680896039406,63.7956038376446,274.708981936924,16.348,83.652,2523906237630.22,42300.267125825,62.0952636594879,TRUE,FALSE,FALSE
"GEO","Georgia",2.6,7.1201,4.7293,66,7.60165899991989,293.053588867188,773.267028808594,54.7619044780731,160.481735229492,423.455749511719,5.8,77.989,73.6,69.174,77.23,221.61,24.9,15.9,34.9,2.7,3.6,93.7,98.3944393544552,100,96.1560951630825,90.0247909681897,95.2510859115853,82.738708713115,4.97642536964035,2.51151388198724,18.0430211298893,11.788945308995,15.0610556287397,18.3433053453842,21.8838007013537,20.0314254153046,63.6136735247265,66.3272539896513,64.9075189559556,65.0477623429791,40.961,59.039,15371900677.7616,4769.18654326351,0.510700245297391,FALSE,TRUE,FALSE
"GHA","Ghana",0.9,0.1359,4.2001,47,3.26237045228481,66.7494125366211,146.866897583008,40.2916967868805,26.8944721221924,59.175163269043,2.5,64.852,63.78,62.724,214.333,254.991,20.8,23.2,18.2,47.5,9.8,42.7,81.453389676073,92.6509771705043,67.5403359777308,18.4721656151096,23.7360835121335,11.9317235420846,0.368703110539208,0.273357322993657,3.3953988902111,2.80726897864996,3.09732217813116,37.0808061874291,37.6413053222459,37.3648721329998,59.5237949223598,59.5514256991042,59.5378056888691,130.821429199262,43.293,56.707,62590968758.3854,2202.11556738065,0.907361781185367,FALSE,FALSE,TRUE
"GIN","Guinea",0.3,0.0832,0.1238,37,4.12308685481548,33.7201118469238,89.170051574707,56.6835463047028,19.1137561798096,50.5447463989258,2.4,61.666,61.185,60.477,232.889,260.356,22.4,22.9,21.8,55.7,9.2,35.1,61.8987230773796,85.5432529774727,48.7177838735474,22.7192698908919,33.7698412073705,16.5589905660092,0.371799609730013,0.249040110605207,3.53003729956424,2.31203804689369,2.94190559010452,41.7201462308849,45.3024330712812,43.4499891396658,54.7498164695509,52.3855288818252,53.6081052702297,50.5222122741332,63.5,36.5,11266605477.8805,1064.13123736656,0.461975284165695,FALSE,FALSE,TRUE
"GMB","Gambia",1.1,0.1021,1.5447,44,3.2820712774992,23.2723255157471,55.7659721374512,22.0314085483551,5.12722110748291,12.2860288619995,1.9,63.151,61.735,60.362,224.406,279.951,20.4,18.9,21.9,54.8,10.9,34.3,77.9915668246608,87.4992451935529,63.3687005298347,39.2311499837464,45.4886067777216,29.6071430520002,0.271014389875369,0.23952990645537,2.60459448405012,2.51622344902453,2.56092543103779,43.3691474581943,44.8976436921787,44.1271181314867,54.0262580577556,52.5861328587967,53.3119564374756,225.30652173913,38.069,61.931,1620198195.90794,751.294688388742,4.08909803868116,FALSE,FALSE,TRUE
"GNB","Guinea-Bissau",1,0.1274,0.6851,40,7.23586902022362,52.3594093322754,123.286926269531,72.0612049102783,37.7308235168457,88.8420486450195,2.4,59.913,58.003,55.965,301.21,373.99,20,19.9,20.2,62.1,7.9,30,66.6344142282775,84.1086369595422,53.4816619902369,20.5380030020396,36.9417665080619,8.19097717547715,0.34061263433579,0.181283105202783,3.44655181894275,2.25304437388629,2.86326045513561,40.9567091015362,43.4056939084829,42.1536637094062,55.5967390795211,54.3412617176308,54.9830758354582,66.6539473684211,56.223,43.777,1379299978.91321,697.784402885715,1.76998337256796,FALSE,FALSE,TRUE
"GRC","Greece",4.3,5.4789,3.6331,75,8.04139003157616,1516.58776855469,2295.32836914063,34.7502082586288,527.017395019531,797.631408691406,4.7,84.4,81.7878048780488,79.3,42.478,93.96,12.4,7.7,17.3,10.9,2.9,86.2,100,100,100,98.9831907753857,99.2097984986171,98.1447124304267,8.58465849555179,6.26617540637912,23.9866924986105,19.8202321944083,21.9414701261427,13.2223699833412,14.595858006583,13.8965985913913,62.7909375180482,65.5839097990087,64.161931282466,83.2651823118697,20.612,79.388,182587760515.944,19582.5360108329,2.48219491724866,TRUE,FALSE,FALSE
"GTM","Guatemala",0.6,0.3549,0.0737,55,5.81384375691414,259.935028076172,474.8486328125,54.1341066360474,140.713516235352,257.055053710938,10,76.937,74.063,71.119,111.16,201.48,14.9,15,14.9,25.1,15.7,59.2,94.1905807380076,97.9204695762194,90.3578402371987,65.0631350754195,79.2282707127283,50.5073959069051,1.19296855717284,0.947095537503103,5.38429188011109,4.45993337143979,4.92898433077731,32.6400999111587,35.1153644074157,33.8593321423826,61.9756082087302,60.4247022211445,61.2116835268401,152.547125793206,48.561,51.439,72063520859.5892,4619.98709708493,16.6224745733354,FALSE,TRUE,FALSE
"HND","Honduras",0.7,0.3089,0.7357,65,7.85842537879944,195.935745239258,394.759613037109,48.7016767263412,95.4239883422852,192.25456237793,7.3,77.378,75.088,72.771,115.541,166.999,14,12.1,16.1,14,19.6,66.5,94.8271094382459,99.4181158771654,88.8744945979465,81.2512629376572,85.2711166185552,76.0391944073856,1.22092521387105,0.865784595339407,5.30964886866658,4.3458874666923,4.82818952409457,30.4637510531315,31.8562314925835,31.159424825292,64.2266000782019,63.7978810407242,64.0123856506135,85.6870319063366,42.27,57.73,22688210212.7833,2574.91219067443,19.217910066132,FALSE,TRUE,FALSE
"HRV","Croatia",5.6,2.9996,8.1224,71,6.78913369774818,902.1396484375,1772.48168945313,10.9732516109943,98.9940567016602,194.498886108398,5.4,81.4,78.0707317073171,74.9,49.809,117.544,16.7,10.7,22.8,2.3,5.3,92.4,99.5866665552939,99.5722222222222,99.6055555555556,96.5384458414853,97.8488285889463,94.8248450863068,7.56282811066195,3.72052471966292,24.1018481659443,17.3746931555792,20.8601352345977,13.6417877253673,15.5519933266835,14.5622210859055,62.2563641086884,67.0733135177373,64.5776436794967,73.0493745532523,42.758,57.242,49563759909.3998,14853.2398374635,4.57283343577136,TRUE,TRUE,FALSE
"HTI","Haiti",0.7,0.2343,0.6798,49,8.03550109267235,62.3532791137695,146.149261474609,40.2279019355774,25.0834178924561,58.7927894592285,6.7,65.832,63.66,61.5,197.41,257.443,26.5,25,28.2,30.3,12.6,57.1,65.4668259265366,84.6464595700111,42.6356095904931,34.7044542884675,43.7821100848932,23.8985167421656,1.00219385457813,0.696704114512822,5.56080878691603,4.55342561783908,5.0636695460752,31.8815427195209,33.8614033837652,32.8585874002282,62.5576484935631,61.5851709983957,62.0777430536966,403.59854862119,43.808,56.192,8702207864.95687,754.58791774842,1.78459225662756,FALSE,FALSE,TRUE
"HUN","Hungary",7,3.4075,6.9157,74,6.87998980283737,981.423034667969,1979.4033203125,26.8943250179291,263.947113037109,532.34716796875,6.9,79.6,76.0658536585366,72.7,80.586,168.058,23,15.6,31.1,1.8,4.4,93.8,99.9999974886679,100,100,97.9908733908907,97.7551020408163,98.5698569856986,5.96663403218404,2.69045733195899,23.3400046883341,15.6790321705637,19.6944576067002,13.4091871649959,15.5612000217002,14.4332197277783,63.25080814667,68.7597678077361,65.8723226655215,107.981486799956,28.356,71.644,136413995733.847,16475.7418389402,6.2948127978969,FALSE,TRUE,FALSE
"IDN","Indonesia",1.2,0.4269,2.4149,57,2.98905447125435,114.971786499023,367.94140625,34.6057176589966,39.7868118286133,127.328758239746,6.3,73.748,71.509,69.375,125.668,177.539,26.4,22.6,30.3,20.7,6,73.3,89.3440122284472,95.4509053839593,81.9820952178016,73.1283873746602,80.2518265673452,64.5410145761707,1.10263489469149,0.651348467544462,6.64032710279748,5.46855365806358,6.05030268241321,25.7596631142237,26.6641878090621,26.2151194819848,67.6000097829788,67.8672585328744,67.734577835602,147.75219008926,44.015,55.985,1073231768727.68,4135.56926281554,2.74068708836853,FALSE,TRUE,FALSE
"IND","India",0.7,0.8571,1.7271,55,3.53495962917805,69.293098449707,253.322418212891,62.4015033245087,43.2399368286133,158.076995849609,10.4,70.692,69.416,68.239,147.161,203.623,23.3,19.8,26.7,26,11.3,62.7,92.6746425707427,95.9930239185487,90.9954617714007,59.5434482675674,72.012233100229,53.2339431541859,1.09598651558231,0.828048321299877,6.8776432519163,5.91608174852913,6.3779241556898,26.3312869579258,26.8834903554756,26.6182646511486,66.7910697901579,67.2004278959953,67.0038111931616,454.938072575247,65.528,34.472,2608418274381.59,2104.14590003333,4.77364991848606,FALSE,TRUE,FALSE
"IRL","Ireland",2.8,3.3125,16.0996,76,7.18438327312469,4976.8623046875,5544.67822265625,12.2811168432236,611.214233398438,680.948425292969,3.2,84.1,82.2560975609756,80.5,41.591,71.299,10.3,8.7,11.9,5.1,4.3,90.6,97.3945446115608,96.9819046265449,98.0955525647357,91.2451813113421,89.4492001288841,94.2962600685473,3.61630516080778,2.59946879522857,14.9503674677246,13.4842541625764,14.2228307453464,20.4697408214367,21.8415649157164,21.1503749619815,64.5798917108387,64.6741809217072,64.6267942926721,70.6534475250399,36.595,63.405,360712285198.117,78660.9564629603,35.9611481987856,TRUE,FALSE,FALSE
"IRN","Iran",1.5,1.5844,2.6286,72,8.65966379642487,475.479949951172,1748.39575195313,41.7565643787384,198.544067382813,730.070007324219,9.6,77.668,76.479,75.409,49.574,83.386,14.8,13.7,16,7.9,10.1,81.9,95.2445448799574,97.3890795429436,89.0139551880673,88.4218671015005,91.7399848037598,78.7816265826613,0.962027035733203,1.24051411927794,6.24108037433597,6.4735548362624,6.35852205539563,24.2536083082872,25.0475520465678,24.6546580497607,69.5053113173768,68.4788931171698,68.9868198948437,50.222420123284,24.609,75.391,430533091869.328,5520.31078932382,26.0161425756495,FALSE,TRUE,FALSE
"ISR","Israel",3.1,4.6249,5.7002,82,7.40746408700943,3144.62622070313,3014.64721679688,22.2508862614632,699.707214355469,670.785705566406,9.7,84.8,82.8024390243903,80.9,39.638,70.873,9.6,7.5,11.8,10,4.1,85.8,100.000001466914,100,100,100.000001466914,100,100,3.66049313809333,2.40651712742491,13.4525177917285,10.951715550865,12.2086744136338,27.0017416907712,28.7787088416825,27.8855719144722,59.5457405175003,60.2695756074525,59.9057536718941,410.480591497227,7.499,92.501,334737102038.755,43641.3977358108,10.3719085858195,FALSE,TRUE,FALSE
"ITA","Italy",3.4,3.9774,5.7401,82,8.84025916457176,2840.13061523438,3619.69799804688,23.4858065843582,667.027587890625,850.115295410156,5,85.6,83.3463414634146,81.2,37.246,65.423,9.5,7.2,12,4.9,3.8,91.4,99.4427338843003,99.4674808858173,99.3845930232558,98.7724326744163,98.828476037102,98.6407638190955,9.02155700637687,5.63792480474634,25.331163952641,20.5653467368,23.0121366488811,12.4426224957547,13.930586620599,13.1666575144622,62.2262135516043,65.504066642601,63.8212058366567,205.418372203713,29.264,70.736,1793696056872.94,33189.5657988542,58.8466540080769,TRUE,FALSE,FALSE
"JAM","Jamaica",1.7,1.3061,0.8068,65,5.98841682076454,307.196044921875,542.885803222656,17.2296956181526,52.9289360046387,93.5375671386719,11.3,75.993,74.368,72.787,104.39,175.464,14.7,13.4,16,11.2,8.7,80,90.6484361806871,95.5116895218685,84.6129109607739,87.3126001706103,85.5285154668853,89.5267328649968,2.11180843847693,1.93534282513049,9.11632224293173,8.72557592982264,8.92239167324395,22.9207096797226,24.1503839532151,23.5312193995209,67.9629680773456,67.1240401169623,67.5463889272352,270.993074792244,44.015,55.985,13442218892.3586,5582.26377755211,0.712279943655265,FALSE,TRUE,FALSE
"JOR","Jordan",1.4,2.3237,2.8212,76,8.11925083398819,340.661804199219,756.659240722656,30.4274260997772,103.654624938965,230.23193359375,12.7,76.175,74.405,72.73,89.001,123.898,19.2,15.6,22.8,10.7,10.9,78.4,98.9372226482137,99.0632825021959,97.7009418529146,97.3397541392762,97.4499311253481,96.2592410727504,0.689788997935645,0.542144228239962,4.1936605163655,3.60080692871315,3.89341629235651,33.388493734166,33.731634597802,33.562242134834,62.4178457494685,62.6675584734849,62.5443415728095,112.14249831043,8.797,91.203,37561070422.5352,4330.32934593257,0.148489946339693,FALSE,TRUE,FALSE
"KAZ","Kazakhstan",6.7,3.98,7.2936,76,3.12536172568798,279.645324707031,820.35205078125,33.1494748592377,92.7009658813477,271.942413330078,6.1,77.19,73.15,68.84,94.435,220.812,26.8,18.5,36.8,4.5,9.5,86,95.6275072212889,98.0927667256637,92.3144598166979,97.8737016782929,97.0348621383728,99.0010212840988,2.19669348011668,0.95265937268952,9.5903398713147,5.59567517067689,7.65234394098093,27.224840378765,30.6390708012686,28.8812499437375,63.1848197499203,63.7652540280545,63.4664061152816,6.76982572137645,42.46,57.54,167487530284.342,9731.14520688729,9.80342909366083,FALSE,TRUE,FALSE
"KEN","Kenya",1.4,0.1565,1.1656,55,4.80254329741001,76.6103210449219,158.155654907227,24.0433126688004,18.4196605682373,38.0258560180664,3.1,68.684,66.342,63.965,194.507,264.72,13.4,13,13.9,63.3,9.6,27.1,58.9163333889547,84.6449849397351,49.6104642414712,29.0511150631439,34.6812150016853,27.0147482052884,0.350591467392219,0.192608775110937,2.79427489883876,2.04869142484786,2.42382670984367,38.6263129411716,39.7676023572429,39.1933742576388,58.5794121599897,58.1837062179092,58.3827990325175,90.2994166637383,72.493,27.507,87375747622.3159,1816.5469164389,1.09750122936305,FALSE,FALSE,TRUE
"KGZ","Kyrgyzstan",4.5,2.213,5.9445,70,6.1858631670475,78.8228378295898,241.248641967773,56.3766300678253,44.4376602172852,136.007858276367,6.1,75.6,71.4,67.4,94.014,210.663,24.9,17.3,33.4,9.6,7.7,82.7,87.4559028992415,97.1350637848055,81.9794060120075,96.5070669553914,91.7941363614567,99.1736565526288,1.27944640708413,0.536878580372047,5.66248883002169,3.51523140916134,4.60029458294692,31.3973477065802,33.6298033146581,32.5016950209247,62.9401634633981,62.8549652761806,62.8980103961283,32.9655891553702,63.409,36.591,7322349412.9004,1309.39299165512,16.4010593318775,FALSE,TRUE,FALSE
"KHM","Cambodia",0.8,0.1927,0.6855,60,5.91884180903435,82.0758666992188,238.182662963867,60.4358732700348,49.603271484375,143.947784423828,6.4,71.629,69.57,67.312,132.376,199.971,21.1,19.1,23.9,25.6,10,64.4,78.5106569314218,97.326655863793,72.8966363008042,59.2269659797755,95.8349260458547,48.304464650274,0.702023348719508,0.445176830574583,5.56869401261592,3.8254017091808,4.7177691962329,29.7536205540397,32.5103226348404,31.0991959381173,64.6776854333444,63.6642756559788,64.1830348656498,92.0564128710628,76.195,23.805,25063606382.4235,1643.12138876475,0,FALSE,TRUE,FALSE
"LAO","Laos",1.5,0.3726,0.9522,51,2.52808686345816,62.1246337890625,177.933731079102,46.1833655834198,28.6912479400635,82.1757888793945,6.4,69.417,67.61,65.838,156.747,205.59,27,24.9,29.3,31.4,8.9,59.6,82.0618968646825,94.4358400784517,75.5823228353015,74.4594104323402,95.3657061427754,63.5118950384441,0.679414344722818,0.45003817697445,4.65706072213191,3.67451989815028,4.16398457065425,31.834474746445,32.7679584598953,32.3029993214268,63.5084645314231,63.5575216419544,63.5330161079189,30.5957842287695,64.355,35.645,16147594503.0603,2534.89827724281,0,FALSE,TRUE,FALSE
"LBR","Liberia",0.8,0.0376,0.5321,39,8.15533772110939,56.5990295410156,104.671043395996,45.5063581466675,25.7561569213867,47.6319770812988,2.4,65.114,63.73,62.347,207.08,247.482,17.6,17.7,17.5,58.5,10,31.4,72.9480309493773,83.6319659891246,61.9620185085871,16.9735176994451,27.7491662717705,5.89319861918721,0.465382708168279,0.340169504368196,3.66199316195611,2.91324549114189,3.28569397416521,40.1502610882082,41.3494975648055,40.7529184542228,56.1877457498357,55.7372569440526,55.961387571612,50.0309073920266,48.385,51.615,0,621.892953622715,1.66080187565293,FALSE,FALSE,TRUE
"LKA","Sri Lanka",3.6,1.0041,2.1803,66,3.81142050027847,159.484741210938,503.563262939453,49.7577965259552,79.3560943603516,250.561965942383,10.7,80.121,76.812,73.415,56.065,151.16,17.4,13.2,22.1,7.5,9.7,82.8,89.4162924258355,96.9488155275818,87.7195969419046,95.7817263595986,94.8190228956474,95.9985807763456,1.96008789287305,1.30171599607756,12.0071658894573,9.57305063852096,10.838805756947,22.7914003195039,25.2186391346388,23.9564620322342,65.2014337910388,65.2083102268402,65.2047322108188,345.558922022006,81.415,18.585,78170570788.8729,3853.08369288942,0.0550382974819979,FALSE,TRUE,FALSE
"LSO","Lesotho",1.3,0.0692,3.2567,48,8.76315832138062,104.552795410156,265.540374755859,16.6426405310631,17.4003448486328,44.1929321289063,4.5,56.954,53.705,50.582,419.363,545.675,26.6,25.2,28.7,59.3,8.3,32.3,68.6499375846189,92.9580234334365,59.3229247899882,42.7543201871743,42.7239405427829,42.7659768570453,1.2067875651035,0.370821341598406,6.22812285637641,3.58645118441443,4.92582582526063,31.9969962583181,32.9502339819685,32.4669171135123,61.7748808853055,63.4633148336171,62.6072570612271,69.437812911726,71.415,28.585,2103868203.80389,1157.53516433147,1.45863956922139,FALSE,FALSE,TRUE
"LTU","Lithuania",7.3,6.3528,9.8472,73,6.45756423473358,1078.17919921875,2132.60913085938,32.2738111019135,347.969543457031,688.274291992188,3.8,80.7,75.6804878048781,70.9,78.821,212.885,20.7,12.4,30.6,3.6,6.6,89.8,97.5420681037655,99.8422178758863,92.76134828978,93.3536351507625,97.311964071314,85.1264919750797,8.33905312597343,3.67433177409385,24.8183937743485,14.7383775814214,20.1584127130225,13.7037017059591,16.8007727518788,15.1354512765674,61.4779045196925,68.4608496666998,64.7061360104101,44.7230757742448,32.145,67.855,48681020855.4768,19455.4541266341,3.08592802467594,FALSE,TRUE,FALSE
"LVA","Latvia",5.8,3.1905,4.7517,71,5.95566183328629,930.352355957031,1682.34423828125,41.9875770807266,390.632446289063,706.375549316406,5,79.7,74.7829268292683,70.1,85.367,228.584,21.9,13.4,32,2.7,5.4,91.8,98.6261823719404,98.8346760736196,98.1816027088036,92.1482658643503,96.2307602532406,83.4429957983842,7.95466916539009,3.13469590454104,25.2657485672517,14.561454664741,20.3365110033182,14.5940092846756,18.3157772442104,16.3077562104594,60.1402421480727,67.1227680910487,63.3557327862224,30.9934705693149,31.778,68.222,29690107388.5803,17836.3648865958,1.77750917639112,FALSE,TRUE,FALSE
"MAR","Morocco",1.1,0.7308,1.3887,70,5.24520017206669,161.010864257813,438.091278076172,53.9362132549286,86.8431625366211,236.289855957031,7,77.668,76.453,75.19,62.159,72.327,12.4,11.3,13.3,14,6.4,79.6,86.7785126631488,96.6540029967518,70.7286368769343,88.5036440702561,94.3550660808197,78.9937773932866,1.46704585192981,0.911172420059555,7.70799767535283,6.8864846156784,7.30045477092159,26.0538461283149,27.8996154493023,26.9695171627129,66.2381561963322,65.2138999350193,65.7300280663655,80.7285189334528,37.006,62.994,103806747879.629,3204.09500313298,3.12844710109893,FALSE,TRUE,FALSE
"MDA","Moldova",5.8,3.2066,4.9235,69,7.0129506289959,191.185775756836,476.731414794922,43.6354845762253,83.4248352050781,208.024063110352,5.7,76.074,71.808,67.53,95.579,237.424,24.9,17.3,33.7,4.2,5.7,90.1,89.0556526526621,97.0135928285046,83.1599639191759,76.3081992337757,86.2470014366663,68.9449767318264,3.09977629060373,1.36971527178602,14.4954189445286,9.31605574843847,12.0131191070183,14.8128868011456,17.059645544955,15.8896910737689,70.6916942543258,73.6242987066065,72.0971898192129,94.018880412443,57.274,42.726,10390354681.7652,4498.52085021233,37.4392740618828,FALSE,TRUE,FALSE
"MDG","Madagascar",0.2,0.1812,0.146,28,5.50203807651997,24.6708374023438,85.4875793457031,24.6854111552238,6.09009790420532,21.1029586791992,4.5,68.301,66.681,65.077,181.739,232.545,22.9,21.5,24.5,46.2,10.6,43.2,54.4039816407791,85.8155985532653,36.3313416029894,10.5067603950822,17.7721038067477,6.32665287002952,0.46255738501523,0.375620803469638,3.2932049764519,2.79375591739167,3.04406412815873,39.898265637308,40.8376123890939,40.3668399784985,56.8085293862401,56.3686316935145,56.5890958933428,45.1398556204881,62.139,37.861,13061558128.7558,522.21980923047,0.711920406408663,FALSE,FALSE,TRUE
"MEX","Mexico",1.5,2.3827,2.3961,76,5.51654137670994,494.677642822266,1035.58508300781,41.2832766771317,204.219146728516,427.523468017578,13.5,77.844,74.992,72.118,95.815,184.379,15.7,14.1,17.4,9.8,10.3,79.9,99.3182188903489,100,96.6136143712301,91.183055555117,93.3860325759211,82.4439140306015,1.79332928415911,1.33473992351666,7.99464973804142,6.81305902709489,7.41666060424488,25.0591633209628,27.3609577607423,26.1851181506761,66.9461869409958,65.8259832121628,66.3982212450791,64.9146264050001,19.556,80.444,1184405319825.99,9863.0726988757,50.4908743117969,FALSE,TRUE,FALSE
"MKD","Macedonia",4.4,2.8736,3.7917,72,6.06211498379707,328.419799804688,926.917602539063,31.9056153297424,104.784355163574,295.73876953125,9.3,77.736,75.688,73.684,63.418,119.81,20.3,15.4,25.3,1.9,2.8,95.3,93.1414628465258,90.5832641225217,96.6378922185963,99.1247422137253,100,97.928488863328,3.04201207699541,1.99874317018531,15.6247928978738,12.5479586109632,14.0854223673228,15.8506002479943,16.9361175471671,16.3936031378587,68.5246068541319,70.5159238418697,69.5209744948185,82.5915146708961,41.792,58.208,11081711169.9959,6093.14769049676,28.7982628887825,FALSE,TRUE,FALSE
"MLI","Mali",0.1,0.1286,0.3585,38,3.79398502409458,31.3781051635742,84.162956237793,35.1130127906799,11.0177974700928,29.5521507263184,2.4,59.649,58.893,58.137,244.756,263.613,24.6,26.2,22.6,60.6,8.9,30.5,78.2608295772641,92.1915790324763,68.3489846170684,39.3354203409472,53.2609033811682,29.4273242322002,0.286829776900889,0.22975179025687,2.79911745938192,2.19207871330058,2.49512781824385,46.5809193593388,48.0261387610205,47.3046969963574,50.6199631812793,49.781782525679,50.2001751853988,15.635015858186,56.864,43.136,15982752689.6622,890.737285506382,0.640959412466081,FALSE,FALSE,TRUE
"MNG","Mongolia",7,2.8592,3.8938,62,4.00230102241039,148.784454345703,518.130615234375,32.1524679660797,47.8378753662109,166.591796875,4.7,73.961,69.689,65.631,123.173,288.357,30.2,21.9,38.8,9.7,10.6,79.7,83.3131150071165,96.0110682089891,55.8746691224287,58.4793927670345,66.3287772321547,41.5180047818791,0.819454585704554,0.445553646319465,4.8430377548412,3.51706865450849,4.18933345157011,30.0043908088995,31.6148111994727,30.798281143271,65.1525714362593,64.8681201460188,65.0123854051589,2.04060866654651,31.457,68.543,12346343287.0005,4295.23502487944,0,FALSE,TRUE,FALSE
"MOZ","Mozambique",0.7,0.0838,0.6847,46,4.94119822978973,21.0711555480957,61.7770576477051,7.39533454179764,1.55828249454498,4.56862020492554,3.3,62.966,60.163,57.114,268.188,389.521,18.4,17.4,19.6,65.3,7.8,26.9,55.693975618687,84.3464086404241,39.9550006443765,29.3602946452755,52.290577081543,16.764535634357,0.467036512739408,0.220000866684466,3.48800450084096,2.23279076941711,2.87844616926622,43.0217054950413,45.7940406423475,44.3680004858059,53.4902900041177,51.9731685882354,52.7535533449279,37.508535313716,63.472,36.528,13559827029.7267,491.804723063735,0.0757425170674236,FALSE,FALSE,TRUE
"MRT","Mauritania",0.4,0.1865,0.9252,41,4.40315157175064,48.8171310424805,170.149353027344,49.545481801033,24.1866836547852,84.3013153076172,7.1,66.292,64.704,63.082,176.149,218.359,18.1,18,18.3,53.4,9.4,37.2,70.6961876450991,89.2586946477098,49.9113389029252,48.4354897706697,74.7985765365668,18.9161597184893,0.512189115981285,0.314326298076055,3.64238160839983,2.67412844989729,3.15624381310632,39.4085688742177,40.3654213781498,39.8889143238963,56.9490495173824,56.9604501719529,56.9548418629974,4.27216357815077,45.493,54.507,6823014374.17554,1677.91925268633,3.51327177079503,FALSE,FALSE,TRUE
"MUS","Mauritius",3.4,2.5331,3.5152,63,5.71872070431709,599.699768066406,1278.01147460938,48.8656491041183,293.047180175781,624.508605957031,22,77.72,74.4163414634146,71.27,93.506,188.405,22.6,17.5,27.8,6.5,4.8,88.7,99.8663313545971,99.9223152188138,99.827682338233,95.5048377122011,95.9685365673161,95.1847186048453,2.67154608922684,1.49432748883122,13.4621339071634,10.4987312012836,11.99872722633,16.7187128033496,17.8148590604669,17.2597088372708,69.819153289487,71.6864097382495,70.7415639363991,623.30197044335,59.234,40.766,12404470943.0984,11203.5405848607,0.790069771061482,FALSE,TRUE,FALSE
"MWI","Malawi",1.3,0.0358,0.4386,46,9.64823141694069,32.2593841552734,114.819000244141,10.5903871357441,3.41639399528503,12.1597766876221,4.5,66.937,63.798,60.651,212.388,325.106,16.4,14.5,18.8,59.7,8.6,31.7,68.8318767609239,85.8402365468463,65.4186030554726,26.2261482497524,34.0570982505523,24.6546167713265,0.414212104850007,0.203292703824533,3.12752588534449,2.14288560455111,2.64202417908193,42.5447274630271,44.4186120441864,43.4686884737873,54.3277466516284,53.4385023512625,53.8892873471308,192.440761561307,82.826,17.174,7117693351.4516,411.552340423602,0.939408324134737,FALSE,FALSE,TRUE
"MYS","Malaysia",1.9,1.5358,3.4676,73,3.85939814150333,384.066070556641,1138.96411132813,37.9471957683563,145.742309570313,432.204925537109,16.7,78.167,75.997,74.075,84.296,160.383,17.2,14,20.1,17.5,8.9,73.6,96.6959389054281,99.0907305703443,89.3371585374287,99.572036160354,99.8625101061693,98.6794489433183,1.17596708879103,1.06333956112233,7.30403419931891,6.55841955910566,6.92077130929584,23.6620901193917,23.7260554665349,23.6949791543146,69.0338756812894,69.7155249743594,69.3842495363896,95.9628214883579,23.393,76.607,25688623443.76,11414.8376618668,0.397498862042136,FALSE,TRUE,FALSE
"NAM","Namibia",2.7,0.4182,1.954,62,8.55095684528351,447.280639648438,895.359558105469,7.73419514298439,34.593563079834,69.2488632202148,4.5,66.18,63.373,60.357,248.938,349.317,21.3,18.7,24.7,49.3,9.8,40.9,82.5410988714744,96.40820705881,69.2151314271619,34.503736926834,51.45174116175,18.2171002590084,0.787532026302403,0.380026835155708,4.41469064186388,2.74969351340352,3.60805442307769,35.8084006527377,38.0729975795418,36.9059101313674,59.7769087053985,59.1773089070547,59.4860354455549,2.97374558175127,48.958,51.042,11441726537.1944,4957.4580058497,3.00657839352503,FALSE,FALSE,TRUE
"NER","Niger",0.3,0.0433,0.2695,37,7.73996263742447,29.2616500854492,78.8516464233398,47.8285133838654,13.9954128265381,37.7135734558105,2.4,63.212,62.024,60.9,222.743,251.729,20,19.8,20.1,62.7,10.4,27,50.2730650635092,84.2924302402704,43.6237341613096,13.5666596878817,43.8179423240535,7.65382691723356,0.266818830695212,0.197550702503513,2.68032153130777,2.51396969950218,2.59671142648349,49.2087706223853,50.4691509067297,49.8421691483938,48.110907846307,47.0168793937681,47.5611194251227,17.7176505881424,83.483,16.517,12242736212.0594,554.600968697425,0.296001216607899,FALSE,FALSE,TRUE
"NGA","Nigeria",0.5,0.3806,1.1792,42,3.75553853809834,73.9249801635742,221.095001220703,77.2248029708862,57.0884246826172,170.740188598633,3.1,55.244,54.332,53.45,324.961,364.321,22.5,23.9,20.9,62.7,8.3,29,71.376630701811,87.4669844059213,55.5929059329648,39.1717540974593,47.8448345823687,30.6639538471209,0.236107049035733,0.195961237048431,2.92897847065696,2.56211822243397,2.74308333819201,43.2993668455031,44.0653994052982,43.687530197944,53.7716546838399,53.3724823722678,53.569386463864,215.064988965381,48.843,51.157,443724590975.385,2229.85869624463,0.504071386579815,FALSE,FALSE,TRUE
"NIC","Nicaragua",0.9,0.9775,1.5334,73,8.64546522498131,192.083389282227,506.154968261719,32.5990498065948,62.6173629760742,165.001724243164,11.4,77.77,74.275,70.741,102.575,200.678,14.2,13.7,14.8,10.9,12.7,76.4,81.5247635350893,97.5597644902386,59.1074466319594,74.4347308149472,83.672794884026,61.5196951135334,1.35884144660717,0.891169950005952,6.17188815608526,4.72336502598897,5.45799237399973,28.6567722612824,31.0877549299687,29.8548529967602,65.1713395826323,64.1888800440424,64.6871546292401,53.7270483629716,41.24,58.76,11290030403.0288,1912.90374537869,2.09304038101279,FALSE,TRUE,FALSE
"NLD","Netherlands",4.7,3.6054,11.1839,86,10.1008348166943,4911.4404296875,5513.10009765625,11.0869333148003,544.528137207031,611.233703613281,5.4,83.4,81.8121951219512,80.3,51.048,65.56,11.2,9.7,12.7,5.2,5.2,89.6,99.9999992834541,100,100,97.7136100615755,97.5,99.8939352967043,5.80147158892826,3.77894580458693,20.9817475246694,18.2180981780622,19.6053197232518,15.3979451633411,16.3728246055267,15.883496235918,63.6203073119895,65.4090772164111,64.5111840408302,511.475927574948,8.124,91.876,810964127019.607,52447.8314391911,35.856769082984,TRUE,FALSE,FALSE
"NOR","Norway",3.9,2.9164,18.2248,87,10.4463420808315,7936.375,6518.873046875,14.1772866249084,1125.16259765625,924.199279785156,5.3,84.5,82.7585365853659,81.1,38.861,62.494,9.2,7.7,10.7,7.3,5.6,87,100.000004601753,100,100,98.0543915037278,98,98.3,5.21098988860828,3.22083383023927,18.7232607087704,15.8513360512247,17.272665921403,17.1198705357193,17.7002310060468,17.4129745408736,64.1568687555103,66.4484329427285,65.3143595377233,14.5482916341657,17.384,82.616,358000568181.818,75419.6348688089,4.93652082987403,TRUE,FALSE,FALSE
"NPL","Nepal",0.3,0.7486,3.1084,48,5.55329509079456,47.9153633117676,150.073425292969,57.7985525131226,27.6943855285645,86.7402572631836,7.2,71.9,70.478,68.989,129.611,167.316,21.8,19.2,24.8,25,8.8,66.2,88.8122495223807,89.1460139188234,88.7322408890742,62.0535954492586,67.2568860976459,60.8063112565564,0.771390797520229,0.742288256882661,5.7924674596617,5.77085699626572,5.78256761664542,26.9648000014394,32.6496232491985,29.5703755954043,67.2427325388989,61.5795197545358,64.6470567879502,195.939107080572,79.847,20.153,25876856847.6677,1071.05076056552,0.79696008663096,FALSE,TRUE,FALSE
"NZL","New Zealand",2.8,3.5898,12.4482,87,9.1700553894043,3937.22192382813,3767.51342773438,13.5770738124847,534.5595703125,511.518096923828,6.2,83.6,81.8585365853659,80.2,52.507,80.56,10.1,8.6,11.6,4.6,6,89.5,100,100,100,100,100,100,4.3443398166043,3.24235420613297,16.8039393067149,15.156250398739,15.9939561741085,18.7257699740943,20.4363629558491,19.5666040777636,64.4702907191908,64.4073866454119,64.4394397481279,18.3851733697923,13.385,86.615,187808323810.314,42084.3533748088,0.447427293064877,TRUE,FALSE,FALSE
"OMN","Oman",1.6,2.0031,4.1965,69,3.849071636796,587.646301269531,1590.84326171875,6.69259130954742,39.3287620544434,106.468635559082,10.1,80.134,77.633,75.89,63.183,101.388,17.8,15.5,19.4,10.5,17.7,71.9,91.9380784188944,94.7,77.9,99.9999986835267,100,100,0.637487104742615,0.302425247712858,3.73879650574016,1.78029915529185,2.44858980507684,32.0582605362534,17.4242368885122,22.4183947452314,64.2029429580064,80.795463956196,75.1330154496917,15.6041453957997,14.557,85.443,5947307759.11986,15474.0324753635,13.7688829677109,FALSE,TRUE,FALSE
"PAK","Pakistan",0.6,0.9801,0.6683,45,2.89863366633654,44.5929641723633,160.558456420898,60.2368772029877,26.8614082336426,96.7153854370117,19.9,68.109,67.114,66.194,137.509,172.896,24.7,22.6,26.6,34.9,7.3,57.8,91.4654507329944,94.2240857954714,89.8837429816603,59.869495032297,76.6190503620918,50.2658682761188,0.639648479491606,0.665019369061048,4.3710796815487,4.27650286999051,4.32240770888347,34.7579660581731,35.333945022997,35.0543779129029,60.8709542602782,60.3895521070125,60.6232143782136,275.289318700706,63.093,36.907,262182960256.327,1284.70204090039,2.90812954639394,FALSE,TRUE,FALSE
"PAN","Panama",2.3,1.5687,3.0741,79,7.31949135661125,1112.30322265625,1794.80969238281,33.2700669765472,370.064025878906,597.134399414063,7.7,81.593,78.329,75.235,76.653,148.159,13,10.8,15.4,15.6,9.7,74.6,96.3824189477176,98.0888926666667,92.8599251579958,83.3154589674842,92.2656658544471,64.8404904836634,2.21923900215377,1.73266605029829,8.91681438637438,7.71272468367229,8.31383660521204,26.2389823425028,27.3177535724128,26.7791201051045,64.8442032711228,64.9695217439149,64.9070432896834,56.1860774818402,31.941,68.059,64541900000,15731.0160348471,47.1453846387526,FALSE,TRUE,FALSE
"PER","Peru",1.6,1.3048,2.4398,77,4.99515049159527,332.570922851563,681.234558105469,28.1882584095001,93.7459487915039,192.02815246582,6.6,79.28,76.516,73.834,84.815,146.37,12.6,11.2,14.1,20.3,10.5,69.2,91.1278709709881,95.5853829744821,75.5785830415348,74.3429565941762,79.5653947644612,56.1253555993388,1.95542524453129,1.51939768548166,8.85801505798021,7.92298678227554,8.39347886047604,24.9572231055918,25.5555883764678,25.2544958386154,66.184761836428,66.5214248412567,66.3520253009086,24.99160625,21.901,78.099,204344307186.758,6977.69578355382,89.0298268067812,FALSE,TRUE,FALSE
"PHL","Philippines",1,0.6004,4.9351,61,4.44640778005123,132.900985717773,371.742340087891,53.045779466629,70.4983596801758,197.193634033203,7.1,75.387,71.095,67.123,130.91,235.071,26.8,21,32.8,25.2,7.5,67.3,93.568376039874,97.6901543030415,89.95959769632,76.5335020674233,78.4869869855009,74.8231494922219,1.09441446230568,0.54031521277901,6.20389754379834,4.43452538320518,5.31499621959123,29.8426633184977,31.1030959676171,30.4758810660138,63.953439137704,64.4623786491777,64.209122714395,357.688305329175,52.851,47.149,376795508679.676,3485.08421836621,3.29551567999054,FALSE,TRUE,FALSE
"PNG","Papua New Guinea",4.0241999626,0.0699,0.4548,40,2.46927607804537,61.4578399658203,103.899589538574,8.99854451417923,5.5303111076355,9.34945011138916,17.9,65.576,64.263,63.039,187.7,251.144,30,26.6,33.6,36.1,8,55.9,41.3270494165713,85.7653619025993,34.626886930782,12.9492669676698,47.8434982237545,7.6881078257621,0.374036220690914,0.296561771834935,3.82034157428072,3.21137604349632,3.50942541848557,35.0341285647381,35.9192198412013,35.4859653634657,61.1455298609811,60.8694041153024,61.0046092180487,19.0043633794109,86.75,13.25,21721822033.3668,2845.18018574842,0.0569728566497978,FALSE,FALSE,TRUE
"POL","Poland",6.5,2.3788,6.8926,75,6.5419539809227,906.820129394531,1958.16760253906,23.0497926473618,209.020156860352,451.353546142578,6.1,81.7,77.6024390243903,73.7,61.842,160.653,18.7,12.4,25.3,5,4.7,90.3,99.7246825407346,99.8491935483871,99.5370967741935,98.7966102160572,98.5045373958181,99.236641221374,6.11709329822066,2.9501475964295,21.2553115567019,14.7788744110399,18.1168972529604,14.3595569510313,16.0637495446076,15.1853864814628,64.3851314922668,69.1573760443525,66.6977162655768,124.023482151605,39.963,60.037,520411262176.382,15595.2270334259,5.36990536483306,FALSE,TRUE,FALSE
"PRT","Portugal",3.4,5.124,6.9746,82,8.96957442164421,1908.03393554688,2917.35571289063,27.5320798158646,525.321472167969,803.208679199219,9.8,84.5,81.3243902439024,78.3,42.442,103.994,11.1,7,15.5,10.2,4.2,85.6,99.9076602092441,100,99.7387760878075,99.6089231422543,99.5070311546485,99.7952917093142,7.93234405243971,5.03515432299138,24.6142873258838,19.8435949993735,22.3566907196201,12.2494760185724,14.3681587801865,13.2520850635726,63.1362366555438,65.7882462204399,64.3912242168073,112.2619412173,34.236,65.764,205537455571.427,23145.0408172828,17.7420003491922,TRUE,FALSE,FALSE
"PRY","Paraguay",1.3,1.3544,1.6604,69,6.65456876158714,381.113067626953,866.626953125,44.1762536764145,168.361480712891,382.843292236328,9.6,76.25,74.131,72.159,120.525,163.978,17.5,16.3,18.7,13.7,12,74.4,99.6101977284878,99.8942986332809,99.1601970295222,89.7836914311379,94.1918033466467,82.8013421481431,1.44271340520725,1.04462915343904,7.02088573918853,6.23381686330318,6.6208246955556,29.0099663630555,29.3432522882592,29.1793358805196,63.9691478977559,64.4229308484376,64.1998394239248,17.5083589227284,38.121,61.879,35373833372.5996,5414.79913793258,4.62763441574554,FALSE,TRUE,FALSE
"ROU","Romania",6.3,2.9807,7.3891,74,5.15788830816746,555.104736328125,1367.79187011719,20.4880461096764,113.730110168457,280.233856201172,6.9,79.2,75.3585365853659,71.7,73.319,171.82,21.4,13.9,29.3,4.2,3.6,92.2,100,100,100,84.3099243448145,95.2872172044576,71.4566909689373,6.1271606213022,3.4341276709873,21.9271624511337,15.4770501259942,18.79006578875,14.7412532797467,16.4533635468955,15.5739581339248,63.3315842691196,68.0695863271102,65.6359760773252,84.633801286509,45.916,54.084,226144316760.66,12919.5296441908,18.7068518016439,FALSE,TRUE,FALSE
"RUS","Russia",8.2,4.0139,8.5429,74,5.34457787871361,585.873229980469,1404.21667480469,40.4930830001831,237.238128662109,568.610595703125,6.1,77.81,72.6573170731707,67.75,120.336,321.526,25.4,16.1,36.5,4.8,7.8,87.4,97.089911200025,98.6369952518657,92.6190761100745,90.4822246231903,94.758361363996,78.1248655461968,5.44480519314592,2.0803843738157,18.8521888269887,10.7440312507119,15.0941252324225,16.4768992499232,20.0973078981476,18.1549245389062,64.6709119230881,69.1586608511405,66.7509502286713,8.82206795315588,25.413,74.587,1523786233330.19,11584.9953826104,11.8969172570305,FALSE,TRUE,FALSE
"RWA","Rwanda",1.6,0.134,1.2044,57,6.57159835100174,49.2044563293457,134.371490478516,6.24799951910973,3.074294090271,8.39553070068359,5.1,70.784,68.7,66.518,161.59,216.342,18.2,17,19.6,42.4,13.5,44,57.7132785349129,82.2415062370245,52.6448502403644,66.5738423996839,51.9287636016591,69.6000484859692,0.425301813528797,0.264466203014267,3.4940534371451,2.54624251098035,3.02825306190331,38.9889379166503,40.5701274523105,39.7660321772083,57.5170086462046,56.8836300367091,57.2057147608884,498.659870287799,82.687,17.313,9245364766.17484,801.656186978807,0.126713101738741,FALSE,FALSE,TRUE
"SEN","Senegal",0.3,0.0691,0.3127,45,4.13406379520893,55.0140380859375,143.091934204102,52.3998200893402,28.8272590637207,74.9799270629883,2.4,69.627,67.665,65.501,144.704,216.045,18.1,17.2,19.2,45.7,12.2,42.1,80.6778538672375,92.3211490280946,70.4599101843671,51.4739895210374,64.9920491422413,39.6107867074984,0.44352472937195,0.311422747791368,3.51180231592388,2.6642897511374,3.09847644542059,41.2572011091352,44.50250823231,42.8398690652712,55.2309965749409,52.8332020165526,54.0616544893082,82.3474783150678,52.347,47.653,21365589540.7323,1446.83096499408,1.74272003251768,FALSE,FALSE,TRUE
"SLE","Sierra Leone",0.4,0.0251,0.2239,39,13.4209275245667,66.4021835327148,205.361297607422,50.4125535488129,33.4750366210938,103.527870178223,2.4,55.106,54.309,53.468,353.346,392.263,30.5,32.6,28.2,57.9,8.9,33.2,60.8069869359389,75.7558252788124,50.1427132217313,15.6526615756648,25.6532713761274,8.5183773936342,0.422339819819728,0.269370374645684,3.36985488869708,2.52381135608655,2.94773662314425,40.5669989989417,40.8823989636641,40.7243113110288,56.0631461123612,56.5937896802493,56.3279520658269,105.987170961485,57.516,42.484,3760570314.97263,504.46254336648,0.895918005584129,FALSE,FALSE,TRUE
"SLV","El Salvador",1.3,1.5662,1.8344,76,7.22756013274193,282.491027832031,582.735778808594,29.1964501142502,82.4773559570313,170.138168334961,8.8,77.635,73.096,68.229,103.299,268.447,14,13.1,15.1,10.8,15.4,73.8,97.3883749714943,99.4719521474883,92.2184128467767,87.4335666680769,90.9976772453255,78.5899750240238,2.10795473262906,1.69259097432553,9.28144943278768,7.5488373339137,8.46958256947762,24.710417506633,29.2946605970259,26.8584452626328,66.0081330605793,63.1565020690604,64.6719721678895,309.881467181467,27.254,72.746,24494770000,4187.2500311069,11.2186263907649,FALSE,TRUE,FALSE
"SRB","Serbia",5.7,3.1131,6.0855,65,8.43395814299583,528.545166015625,1382.16259765625,41.7523622512817,220.680068969727,577.085571289063,9,78.4,75.890243902439,73.5,74.794,141.791,19.1,13.7,24.6,2.4,3,94.6,85.5221162874491,83.2737145413699,88.3769914858368,97.5671990309622,99.5242154154509,95.0823061293008,4.88615763353047,3.09935394155223,20.9370776332444,16.4533615795808,18.7405034178861,14.7136710956328,16.4023079765554,15.5409425306094,64.3492512711228,67.1443304438638,65.7185540515046,79.8376857992225,43.74,56.26,42677037252.3981,7402.35455862041,10.2664156458447,FALSE,TRUE,FALSE
"SVK","Slovakia",5.8,3.4156,6.0671,77,6.74253478646278,1186.13635253906,2184.20288085938,18.7131851911545,221.963882446289,408.73388671875,6.5,80.8,77.2658536585366,73.9,64.214,144.821,17.2,11.2,23.6,4.8,6,89.2,99.7877341102388,99.6050940626174,100,97.938130390532,98.8979085203976,96.822667701147,4.41235651217872,2.07155018627803,19.0481410634319,13.1400825066544,16.1723638921146,14.7735100066095,16.3230897044359,15.5277438408155,66.1783489299586,70.5368277889097,68.2998922670699,113.285586522463,46.271,53.729,94359737352.3842,19329.0968007902,0.605052407622707,TRUE,TRUE,FALSE
"SVN","Slovenia",4.6,3.0861,9.9745,79,8.18701758980751,1920.28186035156,2960.59326171875,12.3281687498093,236.735565185547,364.986938476563,5.9,84.4,81.3780487804878,78.5,45.488,90.934,12.7,8.9,16.4,5,6.6,88.4,99.5350255053679,99.6512311015119,99.3971084337349,99.1095679283407,99.1323210412148,99.0825688073395,7.20968993361878,3.60109946611719,22.9444332691552,17.4031878331935,20.1862840087865,14.5996532467408,15.6160721534304,15.1056404769625,62.455913484104,66.9807400133761,64.7080755142511,102.96366052404,45.178,54.822,46886211257.3089,25739.2478143246,6.13042674475298,TRUE,FALSE,FALSE
"SWE","Sweden",2.6,3.984,11.8164,86,11.0187463462353,5904.583984375,5699.60693359375,15.0326043367386,887.612731933594,856.799377441406,4.8,84.3,82.5585365853659,80.9,38.431,62.062,9.1,7.6,10.7,5.2,4.9,89.9,100.000002463404,100,100,99.2955203776241,99.2439892697845,99.6448658737563,6.2627200399777,4.14466181828746,21.6596411666494,18.7419524486345,20.1985696235664,17.1692150984455,18.0803594080464,17.6254902290956,61.1711437349051,63.1776881433191,62.175940147338,24.9814981218237,12.292,87.708,471889113137.168,51610.0660552202,56.7208853124894,TRUE,FALSE,FALSE
"SWZ","Swaziland",2.1,0.3285,4.1415,63,6.93037807941437,224.736770629883,600.116760253906,10.4967460036278,23.5900497436523,62.9927291870117,4.5,63.968,59.401,55.284,309.883,479.936,26.7,24.4,29.8,53.7,9.6,36.7,69.0086551447465,96.7809181526376,60.417891456661,58.3519832910244,50.8958246940867,60.6583909073844,0.941328417696974,0.276301995415697,5.02628373449413,2.96078466212975,4.01478926602388,36.8361798125202,38.8686721512465,37.831430238736,58.1375364529857,58.1705431866238,58.1537804952401,66.0576162790698,76.019,23.981,4141051624.98094,3837.02699384472,7.92593173246932,FALSE,FALSE,TRUE
"SYR","Syria",1.5,1.2874,1.5406,60,3.56564745306969,69.8921890258789,159.720306396484,53.6898612976074,37.5250205993652,85.7536163330078,13.5,77.763,71.779,66.578,73.258,237.292,21.8,18.7,24.9,5.1,49.8,45.1,97.2165062080837,98.9977453925,95.1671235081429,91.2228713963244,91.4396323750845,90.9734797347331,0.923753655357908,0.683460848320484,5.10902249546772,4.27665978923497,4.69185510249333,30.5099404832224,31.6034624848765,31.058032054228,64.3810370213099,64.1198777258886,64.2501128432786,92.0671077710614,45.179,54.821,44003584301.1614,2032.62348932701,0.656116662229092,FALSE,TRUE,FALSE
"TCD","Chad",0.4,0.0434,0.2322,28,4.48730140924454,29.730863571167,87.2985458374023,58.0231606960297,17.2507877349854,50.6533737182617,6,55.4,53.977,52.577,335.378,377.607,23.9,23.7,24.2,63.4,9.3,27.3,38.7005994293504,69.8489994300312,29.4709961518924,8.34248327844754,30.1194043954243,1.8897487915599,0.353152124372054,0.260158818730732,2.71089707952058,2.27169776052374,2.4916416230991,46.5422295012997,47.1005167751562,46.8209447417789,50.7468734191797,50.6277854643201,50.687413635122,12.2917336404066,76.721,23.279,11013051982.2976,709.540310138533,0.482853193315104,FALSE,FALSE,TRUE
"TGO","Togo",0.7,0.0774,0.4102,43,6.19951225817204,38.048713684082,103.730323791504,58.4201276302338,22.2281055450439,60.5993843078613,2.4,61.612,60.76,59.892,244.396,277.736,23.6,23.1,24.1,51.7,10.7,37.6,65.1288401878568,89.0562303197372,48.3896730025896,16.1321037019284,28.6143671214125,7.39973911566721,0.299627275486968,0.231853289247549,3.11636986660554,2.65591648705208,2.88734759103955,40.6681121979815,41.3320894204563,40.9983536998943,56.215517935413,56.0119940924916,56.1142987090661,145.046773303916,57.752,42.248,3657245895.70771,675.542213340634,0.346433210275308,FALSE,FALSE,TRUE
"TJK","Tajikistan",4.8,2.1026,4.7534,68,7.22881481051445,57.8998527526855,231.423583984375,63.152414560318,36.5651512145996,146.14958190918,6.1,73.177,70.879,68.727,96.277,164.528,25.3,22,28.6,23.2,7.6,69.2,81.1962748015603,96.236912097115,75.6383783554589,97.0230622220689,94.9433995813045,97.7915502437574,0.57717058145345,0.428697349675486,3.33254741978815,2.84336603622897,3.0859612115329,36.335638439392,37.7948651253003,37.0710795752138,60.3318141408198,59.3617688384707,59.8429592132533,65.5727141724908,72.691,27.309,6665331759.76921,870.787589323223,0.729534048748752,FALSE,TRUE,FALSE
"TLS","Timor-Leste",5.9,0.7224,1.668,52,3.88229340314865,83.1977081298828,263.843902587891,8.34491550922394,6.94277858734131,22.0175514221191,6.7,71.376,69.26,67.279,117.478,168.862,19.9,18,21.7,45.6,9,45.4,78.3438657438145,98.323865,69.6943025746401,53.5190078259669,75.9258344419151,43.8188441898055,0.688072318730232,0.464723407706421,4.63717904420329,3.94288048942092,4.2865351139377,37.038646806741,37.539766215205,37.2920821672251,58.3241741490558,58.517353295374,58.4213827188372,85.270477471419,69.053,30.947,1589082183.30597,1294.18893388776,0,FALSE,TRUE,TRUE
"TUN","Tunisia",2.3,1.3025,2.5136,70,7.23245739936829,250.562225341797,863.290771484375,39.1201615333557,98.0203475952148,337.720703125,8.5,78.536,76.505,74.493,67.321,106.668,16.1,12.2,20.2,7.8,6.4,85.8,96.2547036371253,99.6996622222222,88.7137628076653,90.9213974244787,95.2935041267284,81.3509491513473,2.02606829772581,1.4118537835591,9.38369177143782,7.79007516410888,8.5934685561919,23.2765861685294,25.1914459863608,24.226097266638,67.3397220600328,67.0184788495304,67.18043417717,74.4413233779609,30.746,69.254,36735804148.2489,3317.54101348345,0.658416846099509,FALSE,TRUE,FALSE
"TUR","Turkey",2.7,1.8492,2.7107,74,4.21630293130875,444.653686523438,1180.64184570313,17.3842012882233,77.2994918823242,205.245147705078,11.1,80.336,77.437,74.447,62.33,119.237,16.1,11.3,21.5,4.4,6.2,89.4,98.8757181526111,98.6193989071038,99.6302807911524,97.2972339627788,99.8224453692744,89.8634176764165,2.14110702368697,1.28633055622946,9.92659296934123,7.49390345183622,8.72628382619289,23.438025148584,25.1664089820035,24.2908228690735,66.6353818820748,67.3396875661602,66.9828933047336,106.960128893104,24.37,75.63,679311133631.781,9042.49298288882,7.63517846750222,FALSE,TRUE,FALSE
"TZA","Tanzania",0.7,0.014,0.5843,43,3.6454513669014,33.916576385498,104.313980102539,24.0961372852325,8.17258453369141,25.1356430053711,5.7,66.824,65.015,63.17,193.172,249.798,17.9,17.4,18.5,55.8,11.2,32.9,56.7264503174468,85.5382250616448,42.5015290824267,29.9134390163845,42.5724740219588,23.663432386022,0.356828840400154,0.19690054260742,3.02417860012321,2.21629481300625,2.62054110317161,43.3157839974312,44.3726309384468,43.8438065738739,53.6600374024456,53.411074248547,53.5356523229545,63.5790787988259,65.5,34.5,48929262328.8271,1122.12181047515,0.0362034865578092,FALSE,FALSE,TRUE
"UGA","Uganda",0.5,0.168,1.2382,45,6.18775598704815,38.426441192627,121.151786804199,39.0714079141617,15.0137519836426,47.3357086181641,2.5,65.173,62.973,60.655,233.267,302.371,21.9,20.3,23.8,54.5,12.7,32.9,49.1040323869049,75.1055481745682,41.2511726091421,18.4723181554851,26.105999931139,16.1668283550709,0.26958358584767,0.131938281205362,2.32882733343837,1.58528623114072,1.96255018738143,45.408533657169,47.6241892229371,46.5000153378411,52.2626390093926,50.7905245459222,51.5374344747774,213.061734490325,75.639,24.361,31742778370.9704,776.768575885308,0.0722843764955242,FALSE,FALSE,TRUE
"UKR","Ukraine",8.8,2.9923,6.661,68,6.99532032012939,177.408889770508,584.591369628906,52.3169219493866,92.8148727416992,305.840209960938,6.1,76.72,71.5826829268293,66.69,111.279,292.069,24.7,16.2,35.1,4.1,5,91,93.7908201106734,91.3110131607403,99.3743844755622,96.2243559906192,97.3926015536128,93.5939297416358,5.77188622980171,2.38792605514013,20.7123553120906,12.0612602478539,16.7049903897468,14.407680496235,17.7150445337836,15.9397183747341,64.8799641916745,70.2236952183625,67.3552912355191,77.0296708039151,30.527,69.473,132252336954.84,3659.03131229487,5.76093515951448,FALSE,TRUE,FALSE
"URY","Uruguay",2.8,5.0794,1.9412,80,9.29621160030365,1591.533203125,2101.91137695313,17.5494343042374,279.305053710938,368.87353515625,7.3,81.359,77.77,73.958,76.015,139.322,16.7,12.5,21.4,7.6,7.5,84.9,99.4023635004942,99.6073509004934,95.30083,96.59619233959,96.5721153684732,97.0778711952547,6.10506402241092,2.69557368940163,17.6197675549015,12.0745456187582,14.9412404303739,19.3465121502345,21.6479682562658,20.4580710129663,63.033720294864,66.277486124976,64.6006885566598,19.7080276539824,4.574,95.426,50992857845.8903,16190.1269572827,1.27103931151267,FALSE,TRUE,FALSE
"USA","United States",2.9,2.612,14.548,84,17.0612692832947,10246.138671875,10246.138671875,10.9929218888283,1126.34997558594,1126.34997558594,10.8,81.1,78.5390243902439,76.1,81.935,139.141,14.6,11.8,17.5,5.2,6.6,88.3,99.2691920708955,99.7713080995427,96.9727707102043,99.9700187653163,99.9891560091086,99.8825077292242,4.67924967951791,3.15470475687714,17.7261657697371,14.6612409338125,16.2096061428511,17.9519833351839,19.1591807905675,18.54931712456,64.321850895079,66.17957827562,65.2410767325889,35.7136220923495,17.541,82.459,18803200.68,65280.6822413034,55.9341539135737,TRUE,FALSE,FALSE
"UZB","Uzbekistan",4,2.3742,11.2804,73,6.41438513994217,98.824577331543,447.872192382813,53.431361913681,52.8033180236816,239.304214477539,6.5,73.676,71.573,69.445,100.911,169.704,24.5,19.6,29.7,10.3,6,83.7,97.8334527096866,99.5560055566154,96.0725823628407,100,100,100,1.01728816432095,0.614670437582325,5.1757606750563,4.01174070748194,4.59521572497926,27.9487422843973,29.6511586909174,28.7978133096531,66.8754970405464,66.3371006016006,66.6069709653676,77.4708509637988,49.567,50.433,52661377225.6038,1724.8411344137,0.958885548671631,FALSE,TRUE,FALSE
"VNM","Vietnam",2.6,0.8281,1.4463,75,5.53212836384773,129.575958251953,375.643249511719,45.2579379081726,58.6434097290039,170.008392333984,6,79.442,75.317,71.207,76.363,188.583,17.1,11.5,23.4,11.5,11.3,77.2,94.7188056062128,98.5519586858497,92.6354119908624,83.5150494720583,94.2568604590936,77.67666525866,2.61870669132149,1.26338508625884,9.156091450939,5.94590573490024,7.55367294178711,21.925825379342,24.5061239401959,23.213827614338,68.918083169719,69.5479703249039,69.2324994438749,308.125245912213,63.372,36.628,235950714564.525,2715.27603640721,0.035247001553128,FALSE,TRUE,FALSE
"YEM","Yemen",0.7,0.5251,0.7852,42,4.2345754802227,72.0394668579102,139.005065917969,80.9572398662567,58.3211631774902,112.534652709961,5.4,67.795,66.096,64.418,174.558,219.749,30.6,28.2,33.2,28.7,14.7,56.6,63.4734743406448,79.0521,54.704413899161,59.0530031159991,87.8582745817496,42.8387862064043,0.414274358487752,0.279112491971977,3.19026640472968,2.61835396048701,2.90214067508993,38.7394211244262,39.7000289403608,39.2233749202127,58.0703124708441,57.6816170991522,57.8744844046973,53.9778529083092,62.727,37.273,13477924949.2901,968.159047582999,1.940887161004,FALSE,FALSE,TRUE
"ZAF","South Africa",2.8,0.9054,1.3078,69,8.11311826109886,499.237548828125,1097.81921386719,7.7669233083725,38.775390625,85.2667694091797,12.7,67.398,63.857,60.463,248.816,376.404,26.2,21.2,32.3,39.6,9.1,51.3,92.6787019365247,98.9034624618047,80.6757608263973,75.7470984022963,76.3066243258464,74.6681883490201,0.979108194511155,0.457235590798419,6.45698259181759,4.34307454837265,5.41525560779033,28.238239952133,29.7197520577594,28.9683250546848,65.3047774560494,65.9371733938679,65.6164193375248,47.6301197767684,33.144,66.856,313085185902.937,6001.40081394888,24.162257525709,FALSE,TRUE,FALSE
"ZMB","Zambia",2,1.1867,1.3376,53,4.47034128010273,67.6486663818359,180.270660400391,11.8491314351559,8.01577949523926,21.3605079650879,4.5,66.447,63.51,60.533,221.573,321.143,17.9,17.4,18.5,60.6,10.2,29.2,59.9637565087881,83.8631187588511,41.9520583339537,26.370118490977,36.2395937080326,18.9320116957572,0.350849761915851,0.15382416392954,2.54972931373658,1.67226530987489,2.11531473828777,43.635124675365,45.3062992708307,44.4625086011277,53.8151460108984,53.0214354192944,53.4221766605845,23.3414789007116,55.928,44.072,21887193492.327,1291.34335737364,1.61244900210122,FALSE,FALSE,TRUE
"ZWE","Zimbabwe",1.7,0.2096,1.9346,54,6.63591623306274,110.149620056152,201.045455932617,20.6223398447037,22.7154312133789,41.460277557373,1.8,62.598,61.195,59.501,337.702,373.207,19.3,19.8,18.7,54.6,12.3,33,64.0512297035443,93.9976692007788,49.8047628255965,36.2213975596494,46.21599338291,31.4666527303782,0.594626552442405,0.246844173565335,3.66302015630139,2.23199371419431,2.9806080625078,40.1423104832605,44.3695600093537,42.1581270055692,56.1946693604381,53.398446276452,54.861264931923,37.3245909267158,67.79,32.21,22158356700,1463.98591018054,1.3792662685822,FALSE,FALSE,TRUE
