GEO,UNIT\TIME	2014	2015	2016	2017	2018
EU27_2020,NR	4 372 607	4 620 411	4 532 884	4 659 998	4 693 445
EU28,NR	4 941 447	5 221 683	5 128 539	5 265 746	5 307 758
EU27_2007,NR	4 890 608	5 167 478	5 076 997	5 212 269	5 255 052
BE,NR	104 755	110 541	108 097	109 666	110 693
BE1,NR	9 040	9 340	9 074	9 046	8 940
BE10,NR	9 040	9 340	9 074	9 046	8 940
BE100,NR	9 040	9 340	9 074	9 046	8 940
BE2,NR	58 861	62 299	60 930	62 542	63 406
BE21,NR	16 389	17 262	16 884	17 385	17 415
BE211,NR	9 551	10 035	9 745	10 219	10 003
BE212,NR	3 154	3 297	3 233	3 203	3 305
BE213,NR	3 684	3 930	3 906	3 963	4 107
BE22,NR	6 914	7 438	7 327	7 501	7 737
BE221,NR	3 498	3 708	3 648	3 845	3 954
BE222,NR	1 691	1 908	1 892	1 857	1 925
BE223,NR	1 725	1 822	1 787	1 799	1 858
BE23,NR	13 696	14 660	14 173	14 461	14 621
BE231,NR	2 741	3 028	2 912	2 873	3 006
BE232,NR	1 932	2 028	1 912	2 049	2 053
BE233,NR	848	909	846	879	858
BE234,NR	4 814	5 212	5 024	5 066	5 084
BE235,NR	1 236	1 265	1 248	1 250	1 278
BE236,NR	2 125	2 218	2 231	2 344	2 342
BE24,NR	9 780	10 286	10 185	10 268	10 561
BE241,NR	5 265	5 518	5 531	5 598	5 692
BE242,NR	4 515	4 768	4 654	4 670	4 869
BE25,NR	12 082	12 653	12 361	12 927	13 072
BE251,NR	2 870	3 023	2 963	3 103	3 161
BE252,NR	497	523	524	573	543
BE253,NR	1 092	1 075	1 030	1 126	1 148
BE254,NR	2 844	2 895	2 860	3 009	2 961
BE255,NR	1 816	1 851	1 837	2 010	1 946
BE256,NR	1 358	1 553	1 459	1 436	1 538
BE257,NR	840	948	887	887	932
BE258,NR	765	785	801	783	843
BE3,NR	36 854	38 902	38 093	38 078	38 347
BE31,NR	3 492	3 673	3 503	3 649	3 558
BE310,NR	3 492	3 673	3 503	3 649	3 558
BE32,NR	14 602	15 285	15 096	14 751	15 027
BE321,NR	901	1 016	967	875	938
BE322,NR	4 737	4 901	4 808	4 744	4 846
BE323,NR	2 757	2 905	2 983	2 819	2 738
BE324,NR	821	894	917	895	873
BE325,NR	1 903	2 020	1 901	1 913	2 003
BE326,NR	1 707	1 869	1 795	1 733	1 872
BE327,NR	1 776	1 680	1 725	1 772	1 757
BE33,NR	11 274	12 074	11 687	11 819	11 868
BE331,NR	1 171	1 208	1 187	1 175	1 244
BE332,NR	6 673	7 085	6 905	7 007	6 934
BE334,NR	767	811	764	796	840
BE335,NR	1 937	2 194	2 065	2 108	2 081
BE336,NR	726	776	766	733	769
BE34,NR	2 520	2 677	2 750	2 726	2 762
BE341,NR	505	480	514	522	524
BE342,NR	401	395	434	434	421
BE343,NR	533	601	606	580	595
BE344,NR	595	675	665	624	684
BE345,NR	486	526	531	566	538
BE35,NR	4 966	5 193	5 057	5 133	5 132
BE351,NR	1 193	1 238	1 191	1 216	1 232
BE352,NR	3 005	3 232	3 101	3 167	3 150
BE353,NR	768	723	765	750	750
BG,NR	108 952	110 117	107 580	109 791	108 526
BG3,NR	59 476	59 558	57 808	59 323	58 791
BG31,NR	15 897	15 717	15 315	15 495	15 123
BG311,NR	2 100	2 105	2 081	1 999	1 992
BG312,NR	2 988	2 950	2 896	2 812	2 841
BG313,NR	3 418	3 375	3 204	3 359	3 241
BG314,NR	4 821	4 745	4 624	4 626	4 567
BG315,NR	2 570	2 542	2 510	2 699	2 482
BG32,NR	14 114	14 037	13 651	14 130	14 058
BG321,NR	4 244	4 150	4 092	4 273	4 142
BG322,NR	2 135	2 234	2 169	2 327	2 184
BG323,NR	3 813	3 733	3 703	3 675	3 836
BG324,NR	1 951	1 937	1 883	1 950	1 922
BG325,NR	1 971	1 983	1 804	1 905	1 974
BG33,NR	13 445	13 690	13 295	13 625	13 700
BG331,NR	5 939	6 030	6 113	6 095	6 201
BG332,NR	2 922	3 017	2 784	2 957	2 908
BG333,NR	2 733	2 754	2 548	2 726	2 768
BG334,NR	1 851	1 889	1 850	1 847	1 823
BG34,NR	16 020	16 114	15 547	16 073	15 910
BG341,NR	5 540	5 531	5 467	5 688	5 503
BG342,NR	2 881	2 930	2 772	2 890	2 917
BG343,NR	2 203	2 341	2 105	2 164	2 233
BG344,NR	5 396	5 312	5 203	5 331	5 257
BG4,NR	49 476	50 559	49 772	50 468	49 735
BG41,NR	28 508	28 933	28 610	28 745	28 654
BG411,NR	15 358	15 686	15 523	15 377	15 532
BG412,NR	4 253	4 245	4 270	4 289	4 246
BG413,NR	4 072	4 075	3 937	4 101	4 056
BG414,NR	2 366	2 454	2 395	2 445	2 384
BG415,NR	2 459	2 473	2 485	2 533	2 436
BG42,NR	20 968	21 626	21 162	21 723	21 081
BG421,NR	9 563	9 943	9 824	9 885	9 846
BG422,NR	3 947	4 034	3 849	3 957	3 771
BG423,NR	4 011	4 082	3 932	4 151	3 854
BG424,NR	1 637	1 658	1 655	1 771	1 669
BG425,NR	1 810	1 909	1 902	1 959	1 941
CZ,NR	105 665	111 173	107 750	111 443	112 920
CZ0,NR	105 665	111 173	107 750	111 443	112 920
CZ01,NR	12 118	12 420	12 141	12 199	12 417
CZ010,NR	12 118	12 420	12 141	12 199	12 417
CZ02,NR	12 301	13 049	12 695	13 248	13 687
CZ020,NR	12 301	13 049	12 695	13 248	13 687
CZ03,NR	12 189	13 240	12 596	12 994	12 972
CZ031,NR	6 428	6 933	6 443	6 752	6 696
CZ032,NR	5 761	6 307	6 153	6 242	6 276
CZ04,NR	11 997	12 506	12 225	12 578	12 829
CZ041,NR	3 151	3 268	3 167	3 406	3 491
CZ042,NR	8 846	9 238	9 058	9 172	9 338
CZ05,NR	15 083	15 834	15 300	15 879	16 257
CZ051,NR	4 346	4 558	4 385	4 707	4 705
CZ052,NR	5 614	5 836	5 681	5 783	6 024
CZ053,NR	5 123	5 440	5 234	5 389	5 528
CZ06,NR	16 279	17 284	16 735	17 563	17 819
CZ063,NR	4 880	5 178	4 997	5 288	5 277
CZ064,NR	11 399	12 106	11 738	12 275	12 542
CZ07,NR	12 581	13 290	12 925	13 422	13 290
CZ071,NR	6 461	7 000	6 731	7 033	6 952
CZ072,NR	6 120	6 290	6 194	6 389	6 338
CZ08,NR	13 117	13 550	13 133	13 560	13 649
CZ080,NR	13 117	13 550	13 133	13 560	13 649
DK,NR	51 340	52 555	52 824	53 261	55 232
DK0,NR	51 340	52 555	52 824	53 261	55 232
DK01,NR	14 842	15 285	15 320	15 334	15 593
DK011,NR	5 295	5 256	5 353	5 307	5 196
DK012,NR	4 866	5 167	5 103	5 043	5 181
DK013,NR	4 123	4 328	4 323	4 389	4 629
DK014,NR	558	534	541	595	587
DK02,NR	8 394	8 591	8 775	9 002	9 198
DK021,NR	1 985	2 034	2 048	2 111	2 206
DK022,NR	6 409	6 557	6 727	6 891	6 992
DK03,NR	11 616	11 698	11 715	11 946	12 488
DK031,NR	4 851	4 821	4 865	4 936	5 200
DK032,NR	6 765	6 877	6 850	7 010	7 288
DK04,NR	10 787	11 008	11 021	11 241	11 745
DK041,NR	3 924	3 935	3 912	3 964	4 133
DK042,NR	6 863	7 073	7 109	7 277	7 612
DK05,NR	5 701	5 973	5 993	5 738	6 208
DK050,NR	5 701	5 973	5 993	5 738	6 208
DE,NR	868 356	925 200	910 902	932 272	954 874
DE1,NR	100 663	108 066	106 630	109 120	111 134
DE11,NR	36 413	39 487	38 803	39 888	40 508
DE111,NR	5 050	5 480	5 376	5 419	5 435
DE112,NR	3 084	3 468	3 433	3 511	3 506
DE113,NR	4 550	4 935	4 832	5 072	5 211
DE114,NR	2 542	2 630	2 646	2 713	2 733
DE115,NR	4 430	5 074	4 885	5 011	5 162
DE116,NR	3 856	4 134	4 128	4 304	4 210
DE117,NR	1 243	1 298	1 283	1 356	1 355
DE118,NR	3 027	3 318	3 210	3 218	3 302
DE119,NR	1 050	1 105	1 072	1 147	1 158
DE11A,NR	1 730	1 857	1 944	1 865	2 058
DE11B,NR	1 458	1 555	1 486	1 551	1 581
DE11C,NR	1 388	1 443	1 420	1 498	1 486
DE11D,NR	3 005	3 190	3 088	3 223	3 311
DE12,NR	26 630	28 528	28 416	28 985	29 517
DE121,NR	723	732	730	759	751
DE122,NR	2 806	2 957	2 996	3 022	2 994
DE123,NR	4 248	4 488	4 418	4 664	4 764
DE124,NR	2 297	2 417	2 355	2 461	2 540
DE125,NR	1 140	1 240	1 207	1 198	1 248
DE126,NR	3 010	3 199	3 268	3 222	3 341
DE127,NR	1 525	1 622	1 635	1 737	1 685
DE128,NR	5 260	5 645	5 602	5 655	5 958
DE129,NR	1 202	1 377	1 352	1 488	1 480
DE12A,NR	1 460	1 595	1 655	1 628	1 523
DE12B,NR	1 833	1 966	1 910	1 905	1 965
DE12C,NR	1 126	1 290	1 288	1 246	1 268
DE13,NR	21 254	22 478	22 219	22 630	23 127
DE131,NR	1 846	1 953	1 792	1 847	1 921
DE132,NR	2 295	2 430	2 341	2 456	2 566
DE133,NR	1 488	1 584	1 553	1 608	1 686
DE134,NR	4 150	4 491	4 358	4 407	4 581
DE135,NR	1 405	1 496	1 484	1 466	1 471
DE136,NR	2 229	2 325	2 302	2 461	2 399
DE137,NR	1 256	1 396	1 347	1 396	1 429
DE138,NR	2 797	2 792	2 888	2 823	2 859
DE139,NR	2 110	2 255	2 316	2 412	2 376
DE13A,NR	1 678	1 756	1 838	1 754	1 839
DE14,NR	16 366	17 573	17 192	17 617	17 982
DE141,NR	2 443	2 818	2 789	2 836	2 993
DE142,NR	1 638	1 695	1 743	1 767	1 838
DE143,NR	1 974	2 047	2 112	2 075	2 097
DE144,NR	1 041	1 209	1 123	1 099	1 162
DE145,NR	1 715	1 807	1 819	1 875	1 872
DE146,NR	1 788	1 873	1 713	1 841	1 937
DE147,NR	1 984	2 081	2 081	2 142	2 155
DE148,NR	2 494	2 753	2 583	2 637	2 590
DE149,NR	1 289	1 290	1 229	1 345	1 338
DE2,NR	124 129	133 536	129 552	133 902	134 809
DE21,NR	38 878	41 827	40 858	42 105	42 036
DE211,NR	1 060	1 220	1 270	1 252	1 262
DE212,NR	10 769	11 139	10 876	11 343	11 164
DE213,NR	567	578	538	625	576
DE214,NR	1 156	1 298	1 127	1 232	1 186
DE215,NR	1 126	1 218	1 208	1 160	1 158
DE216,NR	1 211	1 276	1 286	1 221	1 260
DE217,NR	1 217	1 286	1 332	1 355	1 422
DE218,NR	1 107	1 210	1 168	1 185	1 230
DE219,NR	1 027	1 187	1 092	1 102	1 172
DE21A,NR	974	1 098	1 109	1 109	1 133
DE21B,NR	1 243	1 388	1 347	1 412	1 343
DE21C,NR	1 830	1 992	1 998	2 078	2 080
DE21D,NR	982	1 064	1 054	1 056	1 079
DE21E,NR	953	1 069	1 058	1 039	1 019
DE21F,NR	994	1 045	996	1 036	1 085
DE21G,NR	1 211	1 333	1 309	1 313	1 338
DE21H,NR	2 860	3 125	3 025	3 055	3 108
DE21I,NR	886	958	917	923	944
DE21J,NR	1 065	1 090	1 071	1 179	1 167
DE21K,NR	2 480	2 589	2 574	2 734	2 638
DE21L,NR	1 151	1 260	1 297	1 307	1 302
DE21M,NR	1 730	2 012	1 895	1 979	2 003
DE21N,NR	1 279	1 392	1 311	1 410	1 367
DE22,NR	12 571	13 444	12 925	13 366	13 300
DE221,NR	742	816	780	850	833
DE222,NR	612	619	590	618	578
DE223,NR	562	569	576	602	619
DE224,NR	1 226	1 352	1 310	1 355	1 307
DE225,NR	864	951	952	895	973
DE226,NR	1 104	1 195	1 172	1 181	1 113
DE227,NR	1 331	1 465	1 375	1 470	1 381
DE228,NR	2 035	2 134	2 029	2 149	2 086
DE229,NR	888	993	910	952	970
DE22A,NR	1 345	1 432	1 334	1 411	1 457
DE22B,NR	961	960	998	977	982
DE22C,NR	901	958	899	906	1 001
DE23,NR	11 278	12 202	11 776	11 945	12 442
DE231,NR	543	563	539	540	615
DE232,NR	1 338	1 387	1 340	1 393	1 482
DE233,NR	554	535	534	478	572
DE234,NR	1 120	1 262	1 187	1 222	1 237
DE235,NR	1 325	1 461	1 417	1 510	1 509
DE236,NR	1 263	1 368	1 263	1 370	1 313
DE237,NR	1 018	1 148	1 039	1 110	1 171
DE238,NR	1 620	1 798	1 782	1 808	1 851
DE239,NR	1 593	1 677	1 643	1 537	1 675
DE23A,NR	904	1 003	1 032	977	1 017
DE24,NR	12 308	13 350	12 856	13 403	13 428
DE241,NR	780	876	864	846	842
DE242,NR	812	858	826	826	890
DE243,NR	515	565	525	552	532
DE244,NR	587	605	621	670	699
DE245,NR	1 444	1 558	1 457	1 563	1 563
DE246,NR	1 134	1 315	1 252	1 247	1 257
DE247,NR	998	1 111	1 102	1 104	1 082
DE248,NR	1 123	1 165	1 101	1 165	1 208
DE249,NR	1 301	1 402	1 342	1 467	1 448
DE24A,NR	861	918	909	890	904
DE24B,NR	879	932	902	1 007	987
DE24C,NR	818	869	852	889	858
DE24D,NR	1 056	1 176	1 103	1 177	1 158
DE25,NR	17 898	19 266	18 659	19 456	19 478
DE251,NR	515	489	491	546	535
DE252,NR	961	1 108	1 100	1 114	1 127
DE253,NR	1 185	1 235	1 258	1 360	1 332
DE254,NR	5 501	5 780	5 650	5 757	5 612
DE255,NR	434	496	432	457	500
DE256,NR	1 859	2 023	1 931	2 099	2 063
DE257,NR	1 151	1 333	1 317	1 301	1 353
DE258,NR	1 164	1 292	1 196	1 304	1 306
DE259,NR	1 848	1 943	1 829	1 942	2 025
DE25A,NR	1 035	1 129	1 095	1 157	1 125
DE25B,NR	1 202	1 338	1 319	1 278	1 369
DE25C,NR	1 043	1 100	1 041	1 141	1 131
DE26,NR	13 484	14 575	13 988	14 648	14 818
DE261,NR	759	762	709	835	815
DE262,NR	697	754	714	699	818
DE263,NR	1 286	1 378	1 453	1 410	1 340
DE264,NR	1 687	1 787	1 742	1 752	1 890
DE265,NR	1 252	1 383	1 307	1 349	1 418
DE266,NR	892	1 017	946	931	942
DE267,NR	912	898	831	958	896
DE268,NR	893	1 020	964	980	1 025
DE269,NR	1 247	1 373	1 289	1 397	1 425
DE26A,NR	1 322	1 509	1 394	1 504	1 503
DE26B,NR	1 118	1 222	1 161	1 277	1 221
DE26C,NR	1 419	1 472	1 478	1 556	1 525
DE27,NR	17 712	18 872	18 490	18 979	19 307
DE271,NR	2 901	3 054	2 983	2 973	3 097
DE272,NR	521	481	462	521	576
DE273,NR	691	731	721	767	737
DE274,NR	441	482	478	520	533
DE275,NR	1 080	1 230	1 228	1 180	1 230
DE276,NR	2 257	2 498	2 382	2 445	2 457
DE277,NR	905	917	944	983	970
DE278,NR	1 143	1 222	1 202	1 206	1 217
DE279,NR	1 494	1 589	1 563	1 587	1 726
DE27A,NR	819	942	889	923	902
DE27B,NR	1 342	1 364	1 383	1 380	1 353
DE27C,NR	1 401	1 531	1 434	1 543	1 528
DE27D,NR	1 233	1 263	1 298	1 354	1 403
DE27E,NR	1 484	1 568	1 523	1 597	1 578
DE3,NR	32 314	34 278	34 051	34 339	35 900
DE30,NR	32 314	34 278	34 051	34 339	35 900
DE300,NR	32 314	34 278	34 051	34 339	35 900
DE4,NR	28 990	30 750	30 790	31 778	32 684
DE40,NR	28 990	30 750	30 790	31 778	32 684
DE401,NR	947	984	966	1 029	1 048
DE402,NR	1 162	1 301	1 302	1 356	1 416
DE403,NR	693	750	799	784	854
DE404,NR	1 542	1 618	1 605	1 671	1 736
DE405,NR	2 021	2 110	2 068	2 182	2 209
DE406,NR	1 824	1 927	1 948	2 019	2 021
DE407,NR	1 453	1 538	1 602	1 617	1 676
DE408,NR	1 679	1 792	1 876	1 857	1 935
DE409,NR	2 142	2 294	2 214	2 353	2 378
DE40A,NR	2 277	2 405	2 394	2 386	2 478
DE40B,NR	1 573	1 618	1 653	1 679	1 771
DE40C,NR	2 177	2 260	2 261	2 390	2 455
DE40D,NR	1 317	1 326	1 304	1 341	1 377
DE40E,NR	2 186	2 208	2 411	2 383	2 397
DE40F,NR	1 122	1 210	1 180	1 179	1 213
DE40G,NR	1 553	1 687	1 618	1 764	1 700
DE40H,NR	1 757	2 025	1 919	2 019	2 131
DE40I,NR	1 565	1 697	1 670	1 769	1 889
DE5,NR	7 437	7 811	7 732	7 905	8 068
DE50,NR	7 437	7 811	7 732	7 905	8 068
DE501,NR	5 975	6 316	6 198	6 375	6 578
DE502,NR	1 462	1 495	1 534	1 530	1 490
DE6,NR	16 780	17 565	17 267	17 640	18 168
DE60,NR	16 780	17 565	17 267	17 640	18 168
DE600,NR	16 780	17 565	17 267	17 640	18 168
DE7,NR	61 183	66 534	64 081	66 337	67 167
DE71,NR	36 360	39 631	37 996	39 364	39 794
DE711,NR	1 362	1 542	1 378	1 414	1 444
DE712,NR	5 503	6 171	5 612	5 988	6 031
DE713,NR	1 068	1 133	1 145	1 109	1 163
DE714,NR	2 600	2 893	2 776	2 873	2 845
DE715,NR	2 867	3 090	2 980	3 133	3 109
DE716,NR	2 624	2 947	2 887	3 111	3 124
DE717,NR	2 461	2 604	2 554	2 519	2 578
DE718,NR	2 378	2 444	2 351	2 449	2 458
DE719,NR	4 209	4 443	4 364	4 365	4 522
DE71A,NR	2 124	2 333	2 164	2 222	2 357
DE71B,NR	1 045	1 191	1 164	1 258	1 233
DE71C,NR	3 085	3 556	3 317	3 568	3 438
DE71D,NR	1 975	1 976	1 967	1 954	2 050
DE71E,NR	3 059	3 308	3 337	3 401	3 442
DE72,NR	10 900	11 859	11 393	12 049	11 927
DE721,NR	2 396	2 780	2 572	2 738	2 719
DE722,NR	2 764	3 081	3 043	3 126	3 103
DE723,NR	1 945	2 007	1 902	2 054	2 095
DE724,NR	2 423	2 563	2 571	2 694	2 613
DE725,NR	1 372	1 428	1 305	1 437	1 397
DE73,NR	13 923	15 044	14 692	14 924	15 446
DE731,NR	2 080	2 178	2 165	2 130	2 198
DE732,NR	2 188	2 394	2 320	2 318	2 383
DE733,NR	1 469	1 640	1 529	1 551	1 617
DE734,NR	2 867	2 922	2 905	3 070	3 097
DE735,NR	2 171	2 322	2 240	2 320	2 441
DE736,NR	1 824	2 087	2 044	2 060	2 174
DE737,NR	1 324	1 501	1 489	1 475	1 536
DE8,NR	18 918	20 315	20 445	20 736	21 948
DE80,NR	18 918	20 315	20 445	20 736	21 948
DE803,NR	2 138	2 310	2 338	2 366	2 568
DE804,NR	1 132	1 201	1 271	1 236	1 329
DE80J,NR	3 358	3 498	3 435	3 624	3 662
DE80K,NR	2 379	2 642	2 610	2 696	2 678
DE80L,NR	2 841	2 918	3 067	3 076	3 302
DE80M,NR	1 791	1 819	1 869	1 866	2 103
DE80N,NR	2 824	3 225	3 228	3 328	3 581
DE80O,NR	2 455	2 702	2 627	2 544	2 725
DE9,NR	87 571	92 460	92 368	93 713	96 165
DE91,NR	18 918	20 050	20 410	20 148	20 531
DE911,NR	2 809	2 838	2 865	2 876	3 008
DE912,NR	1 337	1 390	1 304	1 448	1 394
DE913,NR	1 314	1 480	1 500	1 492	1 497
DE914,NR	1 680	1 954	1 811	1 875	1 787
DE916,NR	2 040	2 070	2 083	2 123	2 201
DE917,NR	1 271	1 347	1 811	1 333	1 357
DE918,NR	1 839	1 869	1 904	1 922	1 928
DE91A,NR	1 479	1 593	1 620	1 614	1 724
DE91B,NR	1 441	1 492	1 494	1 498	1 550
DE91C,NR	:	:	:	3 967	4 085
DE92,NR	24 464	25 950	24 820	25 891	26 350
DE922,NR	2 330	2 528	2 439	2 473	2 533
DE923,NR	2 042	2 148	2 048	2 050	2 247
DE925,NR	3 438	3 608	3 070	3 768	3 659
DE926,NR	1 033	1 021	1 052	1 056	1 079
DE927,NR	1 502	1 583	1 540	1 591	1 622
DE928,NR	2 098	2 281	2 195	2 277	2 241
DE929,NR	12 021	12 781	12 476	12 676	12 969
DE93,NR	18 779	19 406	19 742	20 216	20 766
DE931,NR	2 047	1 942	2 164	2 153	2 365
DE932,NR	2 558	2 619	2 574	2 730	2 837
DE933,NR	2 485	2 579	2 482	2 591	2 752
DE934,NR	701	724	773	740	747
DE935,NR	1 827	1 890	1 845	1 907	1 952
DE936,NR	1 228	1 259	1 283	1 319	1 361
DE937,NR	1 729	1 783	1 879	1 946	1 927
DE938,NR	1 612	1 656	1 682	1 713	1 680
DE939,NR	1 990	2 107	2 139	2 168	2 259
DE93A,NR	1 252	1 375	1 409	1 333	1 314
DE93B,NR	1 350	1 472	1 512	1 616	1 572
DE94,NR	25 410	27 054	27 396	27 458	28 518
DE941,NR	781	847	870	871	934
DE942,NR	587	633	634	630	644
DE943,NR	1 511	1 661	1 599	1 723	1 703
DE944,NR	1 636	1 616	1 666	1 597	1 652
DE945,NR	991	1 105	1 093	1 186	1 152
DE946,NR	1 184	1 329	1 398	1 304	1 324
DE947,NR	2 160	2 397	2 425	2 442	2 542
DE948,NR	1 443	1 505	1 585	1 608	1 596
DE949,NR	3 095	3 260	3 199	3 210	3 390
DE94A,NR	1 177	1 235	1 253	1 226	1 342
DE94B,NR	1 364	1 412	1 380	1 464	1 461
DE94C,NR	1 845	1 947	1 941	1 953	2 090
DE94D,NR	1 338	1 394	1 423	1 439	1 502
DE94E,NR	3 491	3 739	3 816	3 762	4 057
DE94F,NR	1 069	1 130	1 209	1 131	1 202
DE94G,NR	1 073	1 144	1 137	1 173	1 148
DE94H,NR	665	700	768	739	779
DEA,NR	192 913	204 352	202 251	204 842	211 140
DEA1,NR	58 212	61 986	60 889	61 762	63 617
DEA11,NR	6 012	6 327	6 055	6 252	6 335
DEA12,NR	5 984	6 317	6 240	6 122	6 310
DEA13,NR	7 070	7 457	7 480	7 415	7 576
DEA14,NR	2 545	2 745	2 783	2 763	2 987
DEA15,NR	3 006	3 166	3 176	3 136	3 322
DEA16,NR	2 112	2 224	2 139	2 218	2 233
DEA17,NR	2 625	2 773	2 649	2 761	2 817
DEA18,NR	1 334	1 453	1 333	1 289	1 383
DEA19,NR	1 829	2 033	1 965	2 063	2 079
DEA1A,NR	3 969	4 175	4 128	4 353	4 274
DEA1B,NR	3 222	3 519	3 388	3 604	3 680
DEA1C,NR	5 448	5 952	5 844	5 843	6 211
DEA1D,NR	4 617	4 970	4 910	5 066	5 188
DEA1E,NR	3 200	3 377	3 345	3 326	3 415
DEA1F,NR	5 239	5 498	5 454	5 551	5 807
DEA2,NR	43 986	46 402	45 797	46 789	48 620
DEA22,NR	2 705	2 932	2 984	2 999	2 995
DEA23,NR	9 565	9 890	9 569	9 628	10 319
DEA24,NR	1 726	1 904	1 777	1 774	1 846
DEA26,NR	2 901	3 168	3 066	3 179	3 304
DEA27,NR	4 823	4 914	4 961	5 239	5 345
DEA28,NR	2 149	2 317	2 253	2 307	2 318
DEA29,NR	2 677	2 870	2 801	2 936	3 027
DEA2A,NR	3 003	3 244	3 235	3 231	3 437
DEA2B,NR	3 019	3 133	3 226	3 263	3 434
DEA2C,NR	5 782	6 050	5 960	6 324	6 429
DEA2D,NR	5 636	5 980	5 965	5 909	6 166
DEA3,NR	27 239	28 536	28 740	29 203	29 868
DEA31,NR	1 475	1 508	1 575	1 563	1 545
DEA32,NR	3 268	3 448	3 341	3 465	3 486
DEA33,NR	2 582	2 642	2 639	2 668	2 680
DEA34,NR	3 407	3 681	3 566	3 714	3 767
DEA35,NR	2 179	2 187	2 208	2 282	2 434
DEA36,NR	7 509	7 816	7 981	7 886	8 145
DEA37,NR	4 101	4 509	4 534	4 628	4 713
DEA38,NR	2 718	2 745	2 896	2 997	3 098
DEA4,NR	21 425	22 568	22 759	22 907	23 626
DEA41,NR	3 396	3 571	3 728	3 623	3 748
DEA42,NR	3 314	3 488	3 599	3 713	3 807
DEA43,NR	2 790	3 004	3 082	2 995	3 146
DEA44,NR	1 668	1 710	1 667	1 749	1 793
DEA45,NR	3 981	4 330	4 135	4 295	4 321
DEA46,NR	3 644	3 651	3 817	3 758	3 876
DEA47,NR	2 632	2 814	2 731	2 774	2 935
DEA5,NR	42 051	44 860	44 066	44 181	45 409
DEA51,NR	4 385	4 641	4 518	4 526	4 586
DEA52,NR	6 561	7 204	6 889	7 040	7 150
DEA53,NR	2 363	2 549	2 485	2 511	2 610
DEA54,NR	2 061	2 129	2 152	2 036	2 119
DEA55,NR	2 149	2 126	2 142	2 169	2 291
DEA56,NR	4 203	4 405	4 380	4 235	4 447
DEA57,NR	2 914	3 319	3 235	3 304	3 296
DEA58,NR	4 955	5 062	5 031	5 166	5 313
DEA59,NR	1 421	1 497	1 531	1 470	1 553
DEA5A,NR	3 073	3 262	3 303	3 256	3 231
DEA5B,NR	3 323	3 604	3 547	3 578	3 634
DEA5C,NR	4 643	5 062	4 853	4 890	5 179
DEB,NR	44 307	46 777	45 864	47 385	48 299
DEB1,NR	17 548	18 100	18 133	18 477	18 651
DEB11,NR	1 320	1 318	1 313	1 312	1 476
DEB12,NR	1 534	1 605	1 638	1 680	1 639
DEB13,NR	1 536	1 600	1 536	1 598	1 624
DEB14,NR	1 773	1 932	1 901	1 951	1 960
DEB15,NR	1 100	1 200	1 170	1 172	1 248
DEB17,NR	2 354	2 301	2 435	2 455	2 427
DEB18,NR	2 182	2 158	2 232	2 234	2 266
DEB1A,NR	1 544	1 550	1 571	1 562	1 543
DEB1B,NR	2 154	2 311	2 269	2 347	2 352
DEB1C,NR	828	842	854	864	861
DEB1D,NR	1 223	1 283	1 214	1 302	1 255
DEB2,NR	5 643	6 053	5 836	5 975	6 177
DEB21,NR	1 129	1 132	1 142	1 146	1 154
DEB22,NR	1 205	1 350	1 252	1 360	1 429
DEB23,NR	1 100	1 156	1 052	1 116	1 160
DEB24,NR	733	823	836	801	837
DEB25,NR	1 476	1 592	1 554	1 552	1 597
DEB3,NR	21 116	22 624	21 895	22 933	23 471
DEB31,NR	561	579	597	586	612
DEB32,NR	1 124	1 135	1 137	1 181	1 211
DEB33,NR	448	494	476	503	496
DEB34,NR	1 620	1 789	1 753	1 887	1 887
DEB35,NR	1 742	1 875	1 785	1 937	1 946
DEB36,NR	613	653	628	667	692
DEB37,NR	640	634	676	676	705
DEB38,NR	566	588	619	665	621
DEB39,NR	874	922	877	957	983
DEB3A,NR	434	418	426	449	473
DEB3B,NR	1 228	1 323	1 229	1 396	1 325
DEB3C,NR	1 489	1 649	1 603	1 626	1 675
DEB3D,NR	931	965	874	879	950
DEB3E,NR	1 145	1 263	1 227	1 230	1 356
DEB3F,NR	1 107	1 243	1 125	1 213	1 241
DEB3G,NR	877	961	883	907	996
DEB3H,NR	1 143	1 233	1 197	1 259	1 286
DEB3I,NR	1 552	1 674	1 574	1 685	1 709
DEB3J,NR	1 868	2 057	1 936	2 011	2 068
DEB3K,NR	1 154	1 169	1 273	1 219	1 239
DEC,NR	12 529	13 427	12 897	13 275	13 872
DEC0,NR	12 529	13 427	12 897	13 275	13 872
DEC01,NR	4 155	4 480	4 123	4 340	4 442
DEC02,NR	1 234	1 385	1 364	1 341	1 348
DEC03,NR	1 756	1 915	1 855	1 851	2 050
DEC04,NR	2 482	2 592	2 558	2 572	2 769
DEC05,NR	1 791	1 906	1 868	1 978	2 042
DEC06,NR	1 111	1 149	1 129	1 193	1 221
DED,NR	51 159	54 467	53 330	54 689	56 290
DED2,NR	18 971	20 408	19 820	20 355	20 791
DED21,NR	4 995	5 484	5 135	5 359	5 568
DED2C,NR	3 978	4 158	4 204	4 203	4 401
DED2D,NR	3 849	4 064	3 935	4 065	4 091
DED2E,NR	3 003	3 220	3 160	3 223	3 361
DED2F,NR	3 146	3 482	3 386	3 505	3 370
DED4,NR	20 576	21 802	21 366	21 720	22 427
DED41,NR	3 250	3 392	3 282	3 452	3 467
DED42,NR	4 960	5 092	5 070	4 993	5 196
DED43,NR	4 180	4 496	4 342	4 606	4 705
DED44,NR	3 391	3 643	3 624	3 706	3 735
DED45,NR	4 795	5 179	5 048	4 963	5 324
DED5,NR	11 612	12 257	12 144	12 614	13 072
DED51,NR	5 853	6 136	6 088	6 313	6 490
DED52,NR	3 259	3 475	3 356	3 517	3 753
DED53,NR	2 500	2 646	2 700	2 784	2 829
DEE,NR	30 830	32 369	31 453	32 795	33 485
DEE0,NR	30 830	32 369	31 453	32 795	33 485
DEE01,NR	1 236	1 287	1 334	1 382	1 347
DEE02,NR	2 873	3 092	2 908	3 078	3 090
DEE03,NR	2 824	2 919	2 981	3 003	3 236
DEE04,NR	1 131	1 150	1 114	1 192	1 180
DEE05,NR	2 452	2 548	2 440	2 665	2 567
DEE06,NR	1 243	1 306	1 271	1 328	1 404
DEE07,NR	2 080	2 291	2 132	2 235	2 287
DEE08,NR	2 682	2 815	2 658	2 919	2 870
DEE09,NR	3 362	3 474	3 361	3 411	3 490
DEE0A,NR	2 112	2 184	2 220	2 227	2 295
DEE0B,NR	2 414	2 521	2 450	2 559	2 650
DEE0C,NR	3 020	3 157	3 076	3 287	3 332
DEE0D,NR	1 545	1 673	1 655	1 644	1 727
DEE0E,NR	1 856	1 952	1 853	1 865	2 010
DEF,NR	31 676	33 663	33 879	34 455	35 921
DEF0,NR	31 676	33 663	33 879	34 455	35 921
DEF01,NR	1 045	1 064	1 047	1 034	1 067
DEF02,NR	2 437	2 443	2 584	2 481	2 584
DEF03,NR	2 605	2 860	2 774	2 752	2 934
DEF04,NR	974	1 014	1 005	1 141	1 108
DEF05,NR	1 682	1 845	1 717	1 778	1 920
DEF06,NR	2 110	2 264	2 213	2 368	2 335
DEF07,NR	1 871	1 985	1 970	1 944	2 118
DEF08,NR	2 479	2 760	2 675	2 804	2 987
DEF09,NR	3 131	3 407	3 482	3 536	3 670
DEF0A,NR	1 390	1 541	1 545	1 475	1 623
DEF0B,NR	2 940	3 027	3 132	3 247	3 281
DEF0C,NR	2 324	2 387	2 432	2 465	2 569
DEF0D,NR	2 714	2 831	2 937	3 014	3 137
DEF0E,NR	1 472	1 611	1 615	1 632	1 730
DEF0F,NR	2 502	2 624	2 751	2 784	2 858
DEG,NR	26 957	28 830	28 312	29 361	29 824
DEG0,NR	26 957	28 830	28 312	29 361	29 824
DEG01,NR	2 233	2 272	2 370	2 489	2 535
DEG02,NR	1 329	1 383	1 349	1 435	1 476
DEG03,NR	965	1 041	958	1 064	1 069
DEG04,NR	487	525	524	553	576
DEG05,NR	706	837	784	798	811
DEG06,NR	1 028	1 095	1 179	1 212	1 185
DEG07,NR	1 160	1 170	1 189	1 209	1 285
DEG09,NR	1 308	1 461	1 474	1 521	1 493
DEG0A,NR	1 156	1 189	1 206	1 242	1 190
DEG0B,NR	1 618	1 848	1 750	1 781	1 845
DEG0C,NR	1 727	1 793	1 768	1 877	1 919
DEG0D,NR	853	964	933	870	950
DEG0E,NR	810	888	869	926	858
DEG0F,NR	1 389	1 457	1 467	1 459	1 487
DEG0G,NR	939	1 018	931	1 003	1 005
DEG0H,NR	800	907	808	879	903
DEG0I,NR	1 546	1 659	1 603	1 715	1 683
DEG0J,NR	890	1 003	976	1 005	1 007
DEG0K,NR	1 158	1 152	1 111	1 211	1 216
DEG0L,NR	1 957	1 510	1 471	1 441	1 588
DEG0M,NR	815	1 367	1 367	1 380	1 409
DEG0N,NR	525	612	594	615	664
DEG0P,NR	1 558	1 679	1 631	1 676	1 670
EE,NR	15 484	15 243	15 392	15 543	15 751
EE0,NR	15 484	15 243	15 392	15 543	15 751
EE00,NR	15 484	15 243	15 392	15 543	15 751
EE001,NR	5 607	5 641	5 622	5 761	5 869
EE004,NR	1 988	1 934	1 973	1 909	1 946
EE006,NR	1 591	1 591	1 635	1 676	1 692
EE007,NR	2 217	2 197	2 223	2 189	2 199
EE008,NR	4 081	3 880	3 939	4 008	4 045
IE,NR	29 252	30 127	30 667	30 317	31 009
IE0,NR	29 252	30 127	30 667	30 317	31 009
IE04,NR	5 868	5 960	6 057	5 947	6 091
IE041,NR	2 775	2 850	2 890	2 866	2 898
IE042,NR	3 093	3 110	3 167	3 081	3 193
IE05,NR	10 765	10 973	11 583	11 043	11 406
IE051,NR	3 456	3 496	3 679	3 394	3 578
IE052,NR	2 765	2 804	2 936	2 832	2 985
IE053,NR	4 544	4 673	4 968	4 817	4 843
IE06,NR	12 619	13 194	13 027	13 327	13 512
IE061,NR	7 557	7 928	7 712	7 951	8 096
IE062,NR	3 306	3 470	3 460	3 586	3 660
IE063,NR	1 756	1 796	1 855	1 790	1 756
EL,NR	113 740	121 183	118 785	124 501	120 296
EL5,NR	33 583	35 723	35 113	36 833	35 754
EL51,NR	7 016	7 417	7 225	7 848	7 384
EL511,NR	1 818	1 964	1 901	2 031	1 914
EL512,NR	1 002	1 052	1 024	1 099	1 071
EL513,NR	1 283	1 224	1 276	1 425	1 296
EL514,NR	1 242	1 400	1 267	1 433	1 310
EL515,NR	1 671	1 777	1 757	1 860	1 793
EL52,NR	19 716	20 873	20 768	21 523	21 144
EL521,NR	1 688	1 781	1 699	1 815	1 675
EL522,NR	10 141	10 748	10 821	11 187	11 034
EL523,NR	1 149	1 156	1 120	1 240	1 184
EL524,NR	1 699	1 765	1 711	1 877	1 838
EL525,NR	1 298	1 388	1 559	1 547	1 542
EL526,NR	2 630	2 882	2 724	2 677	2 718
EL527,NR	1 111	1 153	1 134	1 180	1 153
EL53,NR	3 144	3 364	3 216	3 386	3 249
EL531,NR	2 012	2 111	2 056	2 125	2 102
EL532,NR	529	598	543	625	535
EL533,NR	603	655	617	636	612
EL54,NR	3 707	4 069	3 904	4 076	3 977
EL541,NR	1 510	1 735	1 576	1 740	1 705
EL542,NR	435	541	518	515	522
EL543,NR	1 762	1 793	1 810	1 821	1 750
EL6,NR	31 208	33 166	32 291	33 886	32 635
EL61,NR	8 324	8 516	8 647	8 908	8 526
EL611,NR	2 848	3 314	3 412	3 493	3 227
EL612,NR	3 254	2 960	3 016	3 024	3 004
EL613,NR	2 222	2 242	2 219	2 391	2 295
EL62,NR	2 426	2 700	2 566	2 700	2 611
EL621,NR	384	480	450	458	463
EL622,NR	1 300	1 392	1 336	1 423	1 395
EL623,NR	419	504	440	498	428
EL624,NR	323	324	340	321	325
EL63,NR	7 311	7 825	7 580	7 853	7 565
EL631,NR	2 368	2 523	2 532	2 610	2 456
EL632,NR	3 097	3 256	3 183	3 293	3 257
EL633,NR	1 846	2 046	1 865	1 950	1 852
EL64,NR	6 230	6 577	6 439	6 791	6 617
EL641,NR	1 233	1 294	1 313	1 424	1 333
EL642,NR	2 450	2 555	2 479	2 648	2 585
EL643,NR	219	214	232	233	228
EL644,NR	1 888	2 047	1 977	2 017	2 036
EL645,NR	440	467	438	469	435
EL65,NR	6 917	7 548	7 059	7 634	7 316
EL651,NR	2 228	2 265	2 295	2 336	2 285
EL652,NR	1 599	1 842	1 627	1 817	1 869
EL653,NR	3 090	3 441	3 137	3 481	3 162
EL3,NR	38 062	40 851	40 223	42 083	40 796
EL30,NR	38 062	40 851	40 223	42 083	40 796
EL301,NR	5 576	5 758	5 743	6 171	5 812
EL302,NR	4 655	4 897	4 843	5 084	4 878
EL303,NR	11 504	12 350	12 182	12 595	12 426
EL304,NR	5 147	5 634	5 625	5 847	5 651
EL305,NR	3 932	4 314	4 244	4 523	4 234
EL306,NR	1 391	1 428	1 410	1 545	1 449
EL307,NR	5 857	6 470	6 176	6 318	6 346
EL4,NR	10 887	11 443	11 158	11 699	11 111
EL41,NR	2 357	2 485	2 391	2 457	2 372
EL411,NR	1 263	1 339	1 231	1 273	1 276
EL412,NR	532	517	546	564	529
EL413,NR	562	629	614	620	567
EL42,NR	2 738	2 797	2 805	2 848	2 756
EL421,NR	1 547	1 640	1 602	1 665	1 580
EL422,NR	1 191	1 157	1 203	1 183	1 176
EL43,NR	5 792	6 161	5 962	6 394	5 983
EL431,NR	2 739	2 846	2 849	3 038	2 821
EL432,NR	816	907	865	902	860
EL433,NR	727	781	699	800	781
EL434,NR	1 510	1 627	1 549	1 654	1 521
ES,NR	393 734	420 408	408 231	422 037	425 153
ES1,NR	48 640	51 279	50 897	51 072	51 753
ES11,NR	29 929	31 688	31 757	31 962	32 419
ES111,NR	12 036	12 601	12 575	12 657	13 098
ES112,NR	4 884	5 126	5 194	5 174	5 086
ES113,NR	4 400	4 672	4 666	4 693	4 736
ES114,NR	8 609	9 289	9 322	9 438	9 499
ES12,NR	12 812	13 550	13 204	13 152	13 238
ES120,NR	12 812	13 550	13 204	13 152	13 238
ES13,NR	5 899	6 041	5 936	5 958	6 096
ES130,NR	5 899	6 041	5 936	5 958	6 096
ES2,NR	42 305	44 623	43 399	44 738	44 887
ES21,NR	20 166	21 511	21 224	21 634	21 763
ES211,NR	2 476	2 766	2 688	2 812	2 765
ES212,NR	6 531	6 933	6 777	7 009	7 035
ES213,NR	11 159	11 812	11 759	11 813	11 963
ES22,NR	5 511	5 680	5 727	5 844	5 819
ES220,NR	5 511	5 680	5 727	5 844	5 819
ES23,NR	2 886	3 093	2 967	3 052	3 205
ES230,NR	2 886	3 093	2 967	3 052	3 205
ES24,NR	13 742	14 339	13 481	14 208	14 100
ES241,NR	2 513	2 726	2 524	2 590	2 578
ES242,NR	1 673	1 780	1 634	1 713	1 766
ES243,NR	9 556	9 833	9 323	9 905	9 756
ES3,NR	43 064	46 859	45 066	47 069	46 599
ES30,NR	43 064	46 859	45 066	47 069	46 599
ES300,NR	43 064	46 859	45 066	47 069	46 599
ES4,NR	56 965	60 744	58 817	60 772	60 322
ES41,NR	27 787	29 302	28 436	28 979	29 297
ES411,NR	2 040	2 146	1 992	2 162	2 039
ES412,NR	3 838	3 865	3 838	4 016	4 008
ES413,NR	5 905	6 218	6 092	6 110	6 309
ES414,NR	2 162	2 156	2 097	2 137	2 170
ES415,NR	3 709	3 973	3 863	4 027	4 012
ES416,NR	1 724	1 814	1 684	1 747	1 776
ES417,NR	1 144	1 189	1 215	1 088	1 155
ES418,NR	4 621	5 194	4 834	4 995	5 079
ES419,NR	2 644	2 747	2 821	2 697	2 749
ES42,NR	18 379	19 923	19 144	20 208	19 574
ES421,NR	3 720	3 700	3 670	3 736	3 727
ES422,NR	5 039	5 602	5 117	5 419	5 131
ES423,NR	2 293	2 507	2 405	2 500	2 436
ES424,NR	1 826	2 145	2 024	2 083	2 025
ES425,NR	5 501	5 969	5 928	6 470	6 255
ES43,NR	10 799	11 519	11 237	11 585	11 451
ES431,NR	6 560	6 898	6 755	6 896	6 913
ES432,NR	4 239	4 621	4 482	4 689	4 538
ES5,NR	110 716	117 539	113 925	119 322	120 098
ES51,NR	61 319	64 866	63 289	66 165	66 562
ES511,NR	44 685	47 051	46 277	48 414	48 413
ES512,NR	6 014	6 401	6 114	6 407	6 574
ES513,NR	4 141	4 404	4 042	4 318	4 349
ES514,NR	6 479	7 010	6 856	7 026	7 226
ES52,NR	41 550	44 351	42 697	44 804	45 330
ES521,NR	14 877	15 853	15 155	15 974	16 270
ES522,NR	5 036	5 382	5 139	5 293	5 595
ES523,NR	21 637	23 116	22 403	23 537	23 465
ES53,NR	7 847	8 322	7 939	8 353	8 206
ES531,NR	792	869	794	885	844
ES532,NR	6 444	6 807	6 525	6 885	6 717
ES533,NR	611	646	620	583	645
ES6,NR	77 713	84 254	81 092	83 810	85 184
ES61,NR	66 322	72 001	69 231	71 234	72 806
ES611,NR	4 764	5 307	4 969	5 206	5 543
ES612,NR	9 278	10 121	9 902	10 007	10 485
ES613,NR	7 158	7 873	7 499	7 873	7 822
ES614,NR	7 678	8 454	8 014	8 184	8 427
ES615,NR	4 286	4 369	4 480	4 424	4 538
ES616,NR	6 137	6 742	6 479	6 605	6 876
ES617,NR	12 227	12 996	12 547	12 708	13 323
ES618,NR	14 794	16 139	15 341	16 227	15 792
ES62,NR	10 397	11 233	10 867	11 522	11 327
ES620,NR	10 397	11 233	10 867	11 522	11 327
ES63,NR	509	504	508	560	535
ES630,NR	509	504	508	560	535
ES64,NR	485	516	486	494	516
ES640,NR	485	516	486	494	516
ES7,NR	14 331	15 110	15 035	15 254	16 310
ES70,NR	14 331	15 110	15 035	15 254	16 310
ES703,NR	110	99	90	99	83
ES704,NR	374	428	406	455	472
ES705,NR	6 040	6 253	6 304	6 313	6 827
ES706,NR	174	197	196	189	246
ES707,NR	731	740	741	797	856
ES708,NR	638	659	714	735	757
ES709,NR	6 264	6 734	6 584	6 666	7 069
FR,NR	559 435	593 807	594 005	606 410	609 747
FR1,NR	70 506	74 539	74 621	75 562	75 571
FR10,NR	70 506	74 539	74 621	75 562	75 571
FR101,NR	13 487	13 997	14 056	14 226	13 888
FR102,NR	8 490	9 088	9 134	9 174	9 315
FR103,NR	8 433	8 935	9 062	9 102	9 201
FR104,NR	7 384	7 843	7 962	8 060	7 991
FR105,NR	9 547	10 008	9 982	10 172	9 908
FR106,NR	8 272	8 911	8 656	8 839	8 959
FR107,NR	7 953	8 565	8 398	8 487	8 846
FR108,NR	6 940	7 192	7 371	7 502	7 463
FRB,NR	24 707	26 359	26 237	26 826	26 861
FRB0,NR	24 707	26 359	26 237	26 826	26 861
FRB01,NR	3 526	3 721	3 815	3 725	3 881
FRB02,NR	3 646	3 969	4 235	4 052	4 171
FRB03,NR	2 936	3 117	3 021	3 121	3 128
FRB04,NR	5 227	5 575	5 475	5 783	5 697
FRB05,NR	3 532	3 772	3 711	3 899	3 828
FRB06,NR	5 840	6 205	5 980	6 246	6 156
FRC,NR	27 698	29 481	29 499	30 195	30 092
FRC1,NR	17 258	18 530	18 470	18 953	18 688
FRC11,NR	4 422	4 808	4 819	5 070	4 975
FRC12,NR	2 907	2 965	2 995	3 145	3 053
FRC13,NR	6 037	6 569	6 487	6 555	6 451
FRC14,NR	3 892	4 188	4 169	4 183	4 209
FRC2,NR	10 440	10 951	11 029	11 242	11 404
FRC21,NR	4 296	4 442	4 466	4 629	4 827
FRC22,NR	2 561	2 693	2 744	2 781	2 806
FRC23,NR	2 331	2 438	2 557	2 573	2 468
FRC24,NR	1 252	1 378	1 262	1 259	1 303
FRD,NR	31 289	32 944	33 074	33 431	34 202
FRD1,NR	14 790	15 630	15 853	15 943	16 317
FRD11,NR	6 194	6 706	6 725	6 923	6 973
FRD12,NR	5 298	5 639	5 769	5 711	5 853
FRD13,NR	3 298	3 285	3 359	3 309	3 491
FRD2,NR	16 499	17 314	17 221	17 488	17 885
FRD21,NR	5 201	5 271	5 321	5 490	5 584
FRD22,NR	11 298	12 043	11 900	11 998	12 301
FRE,NR	52 467	55 387	55 190	55 654	56 465
FRE1,NR	35 415	37 356	37 044	37 502	38 180
FRE11,NR	21 589	22 740	22 381	22 628	22 923
FRE12,NR	13 826	14 616	14 663	14 874	15 257
FRE2,NR	17 052	18 031	18 146	18 152	18 285
FRE21,NR	5 462	5 730	5 666	5 687	5 814
FRE22,NR	6 181	6 580	6 658	6 782	6 697
FRE23,NR	5 409	5 721	5 822	5 683	5 774
FRF,NR	48 965	52 206	51 866	52 854	53 645
FRF1,NR	14 926	15 912	15 713	16 149	16 658
FRF11,NR	8 660	9 215	9 081	9 341	9 672
FRF12,NR	6 266	6 697	6 632	6 808	6 986
FRF2,NR	12 545	13 473	13 351	13 641	13 571
FRF21,NR	2 735	2 855	2 897	2 946	2 935
FRF22,NR	2 973	3 140	3 195	3 176	3 218
FRF23,NR	4 829	5 333	5 202	5 334	5 270
FRF24,NR	2 008	2 145	2 057	2 185	2 148
FRF3,NR	21 494	22 821	22 802	23 064	23 416
FRF31,NR	6 232	6 618	6 648	6 700	6 681
FRF32,NR	1 923	2 099	2 113	2 011	2 077
FRF33,NR	9 271	9 837	9 713	10 058	10 303
FRF34,NR	4 068	4 267	4 328	4 295	4 355
FRG,NR	31 120	33 867	33 675	34 783	34 800
FRG0,NR	31 120	33 867	33 675	34 783	34 800
FRG01,NR	10 387	11 281	11 153	11 517	11 587
FRG02,NR	6 324	6 998	6 985	7 185	7 212
FRG03,NR	2 759	3 048	3 100	3 045	3 006
FRG04,NR	5 277	5 664	5 445	5 812	5 704
FRG05,NR	6 373	6 876	6 992	7 224	7 291
FRH,NR	31 889	33 821	34 489	34 739	35 533
FRH0,NR	31 889	33 821	34 489	34 739	35 533
FRH01,NR	6 860	7 262	7 282	7 415	7 588
FRH02,NR	9 545	10 154	10 464	10 462	10 662
FRH03,NR	7 847	8 227	8 428	8 499	8 765
FRH04,NR	7 637	8 178	8 315	8 363	8 518
FRI,NR	59 563	63 280	62 788	64 930	65 056
FRI1,NR	32 352	33 963	33 565	35 223	35 083
FRI11,NR	5 241	5 492	5 592	5 651	5 598
FRI12,NR	12 464	13 113	12 802	13 527	13 645
FRI13,NR	4 159	4 360	4 359	4 601	4 534
FRI14,NR	3 770	3 935	3 804	4 115	3 968
FRI15,NR	6 718	7 063	7 008	7 329	7 338
FRI2,NR	8 777	9 491	9 277	9 251	9 283
FRI21,NR	3 046	3 155	3 191	3 135	3 179
FRI22,NR	1 866	1 984	1 976	1 985	1 939
FRI23,NR	3 865	4 352	4 110	4 131	4 165
FRI3,NR	18 434	19 826	19 946	20 456	20 690
FRI31,NR	3 735	4 157	4 103	4 191	4 233
FRI32,NR	7 124	7 612	7 673	7 944	7 923
FRI33,NR	3 666	3 872	3 978	4 130	4 116
FRI34,NR	3 909	4 185	4 192	4 191	4 418
FRJ,NR	53 998	57 144	57 519	59 140	59 631
FRJ1,NR	26 610	28 231	28 608	29 013	29 748
FRJ11,NR	4 016	4 184	4 401	4 381	4 546
FRJ12,NR	6 818	7 347	7 379	7 234	7 576
FRJ13,NR	9 752	10 188	10 371	10 676	10 775
FRJ14,NR	913	998	1 002	1 023	961
FRJ15,NR	5 111	5 514	5 455	5 699	5 890
FRJ2,NR	27 388	28 913	28 911	30 127	29 883
FRJ21,NR	1 776	1 790	1 833	1 946	1 857
FRJ22,NR	3 267	3 515	3 528	3 612	3 410
FRJ23,NR	8 812	9 194	9 242	9 673	9 661
FRJ24,NR	2 239	2 400	2 417	2 521	2 499
FRJ25,NR	2 161	2 294	2 300	2 299	2 274
FRJ26,NR	2 678	2 842	2 827	2 810	2 953
FRJ27,NR	4 015	4 245	4 175	4 494	4 562
FRJ28,NR	2 440	2 633	2 589	2 772	2 667
FRK,NR	62 978	67 436	67 110	69 021	68 547
FRK1,NR	14 467	15 465	15 393	15 826	15 462
FRK11,NR	4 125	4 436	4 482	4 375	4 362
FRK12,NR	1 973	2 049	2 035	2 217	2 062
FRK13,NR	2 373	2 676	2 556	2 659	2 599
FRK14,NR	5 996	6 304	6 320	6 575	6 439
FRK2,NR	48 511	51 971	51 717	53 195	53 085
FRK21,NR	4 542	4 832	4 815	5 050	5 025
FRK22,NR	3 400	3 658	3 628	3 787	3 828
FRK23,NR	4 388	4 523	4 623	4 809	4 888
FRK24,NR	8 546	9 229	9 154	9 460	9 516
FRK25,NR	7 201	7 605	7 551	7 615	7 530
FRK26,NR	11 934	12 912	12 796	13 142	12 967
FRK27,NR	3 334	3 736	3 630	3 783	3 857
FRK28,NR	5 166	5 476	5 520	5 549	5 474
FRL,NR	46 802	49 896	49 731	51 072	50 759
FRL0,NR	46 802	49 896	49 731	51 072	50 759
FRL01,NR	1 812	1 832	1 892	1 893	1 958
FRL02,NR	1 322	1 410	1 455	1 388	1 419
FRL03,NR	11 203	11 858	11 643	12 099	11 765
FRL04,NR	16 767	17 897	17 686	18 311	18 166
FRL05,NR	10 735	11 401	11 590	11 906	11 946
FRL06,NR	4 963	5 498	5 465	5 475	5 505
FRM,NR	3 047	3 106	3 092	3 165	3 139
FRM0,NR	3 047	3 106	3 092	3 165	3 139
FRM01,NR	1 469	1 471	1 464	1 456	1 502
FRM02,NR	1 578	1 635	1 628	1 709	1 637
FRY,NR	12 501	12 111	12 962	12 862	13 325
FRY1,NR	3 451	3 052	3 383	3 273	3 365
FRY10,NR	3 451	3 052	3 383	3 273	3 365
FRY2,NR	3 319	3 058	3 284	3 217	3 292
FRY20,NR	3 319	3 058	3 284	3 217	3 292
FRY3,NR	786	834	901	964	899
FRY30,NR	786	834	901	964	899
FRY4,NR	4 355	4 531	4 689	4 673	5 011
FRY40,NR	4 355	4 531	4 689	4 673	5 011
FRY5,NR	590	636	705	735	758
FRY50,NR	590	636	705	735	758
FRX,NR	1 905	2 230	2 152	2 176	2 121
FRXX,NR	1 905	2 230	2 152	2 176	2 121
FRXXX,NR	1 905	2 230	2 152	2 176	2 121
HR,NR	50 839	54 205	51 542	53 477	52 706
HR0,NR	50 839	54 205	51 542	53 477	52 706
HR03,NR	15 938	17 277	16 647	17 578	16 868
HR031,NR	3 530	3 784	3 622	3 951	3 772
HR032,NR	899	919	839	855	846
HR033,NR	1 933	2 072	1 950	2 159	1 982
HR034,NR	1 466	1 594	1 592	1 532	1 471
HR035,NR	4 646	5 152	4 931	5 227	5 104
HR036,NR	2 226	2 414	2 354	2 475	2 372
HR037,NR	1 238	1 342	1 359	1 379	1 321
HR04,NR	34 901	36 928	34 895	35 899	35 838
HR041,NR	8 359	8 821	8 528	8 826	9 036
HR042,NR	3 412	3 692	3 422	3 588	3 590
HR043,NR	1 868	1 844	1 834	1 845	1 906
HR044,NR	2 094	2 366	2 183	2 254	2 179
HR045,NR	1 573	1 626	1 664	1 624	1 538
HR046,NR	1 168	1 274	1 201	1 309	1 216
HR047,NR	1 648	1 817	1 657	1 708	1 647
HR048,NR	1 145	1 133	1 109	1 164	1 079
HR049,NR	986	1 076	987	1 005	1 016
HR04A,NR	1 957	2 125	2 031	2 006	2 011
HR04B,NR	3 945	4 108	3 817	3 897	3 886
HR04C,NR	2 270	2 400	2 307	2 362	2 283
HR04D,NR	2 001	2 027	1 787	1 871	1 933
HR04E,NR	2 475	2 619	2 368	2 440	2 518
IT,NR	598 364	647 571	615 261	649 061	633 133
ITC,NR	161 817	177 519	167 523	176 464	177 095
ITC1,NR	49 412	54 076	50 984	53 541	53 838
ITC11,NR	23 647	26 192	24 429	26 108	26 208
ITC12,NR	2 309	2 431	2 355	2 562	2 485
ITC13,NR	2 293	2 542	2 470	2 426	2 520
ITC14,NR	1 855	2 091	1 831	2 022	1 946
ITC15,NR	3 864	4 178	4 025	4 099	4 341
ITC16,NR	6 732	7 204	6 793	7 052	7 138
ITC17,NR	2 838	3 064	2 935	3 015	2 970
ITC18,NR	5 874	6 374	6 146	6 257	6 230
ITC2,NR	1 289	1 505	1 385	1 454	1 477
ITC20,NR	1 289	1 505	1 385	1 454	1 477
ITC3,NR	20 655	22 468	20 853	22 134	22 238
ITC31,NR	2 808	2 939	2 781	2 966	3 051
ITC32,NR	3 683	4 076	3 784	4 029	4 057
ITC33,NR	11 285	12 366	11 471	12 142	12 075
ITC34,NR	2 879	3 087	2 817	2 997	3 055
ITC4,NR	90 461	99 470	94 301	99 335	99 542
ITC41,NR	8 189	9 155	8 603	9 073	9 230
ITC42,NR	5 378	5 949	5 704	6 023	6 082
ITC43,NR	3 064	3 417	3 179	3 307	3 341
ITC44,NR	1 875	1 889	1 890	1 974	2 017
ITC46,NR	9 246	10 224	9 623	10 255	9 977
ITC47,NR	10 756	11 713	11 051	11 720	11 901
ITC48,NR	6 379	7 078	6 670	7 111	6 913
ITC49,NR	2 098	2 354	2 157	2 239	2 334
ITC4A,NR	3 884	4 184	4 145	4 060	4 106
ITC4B,NR	4 336	4 664	4 369	4 549	4 646
ITC4C,NR	27 947	31 023	29 585	31 187	30 828
ITC4D,NR	7 309	7 820	7 325	7 837	8 167
ITH,NR	116 321	125 357	120 532	124 474	122 834
ITH1,NR	4 121	4 357	4 249	4 395	4 397
ITH10,NR	4 121	4 357	4 249	4 395	4 397
ITH2,NR	4 753	5 051	4 959	5 062	5 014
ITH20,NR	4 753	5 051	4 959	5 062	5 014
ITH3,NR	45 955	49 561	47 856	49 447	49 136
ITH31,NR	8 224	9 117	8 755	9 096	8 801
ITH32,NR	7 623	8 231	7 782	8 211	8 238
ITH33,NR	2 486	2 626	2 476	2 591	2 498
ITH34,NR	7 500	8 279	7 976	8 188	8 192
ITH35,NR	8 718	9 148	8 860	9 207	9 240
ITH36,NR	8 433	9 043	9 020	9 057	9 060
ITH37,NR	2 971	3 117	2 987	3 097	3 107
ITH4,NR	13 764	14 807	14 091	14 506	14 476
ITH41,NR	2 879	3 148	3 025	3 175	3 243
ITH42,NR	6 018	6 402	6 023	6 286	6 202
ITH43,NR	1 695	1 821	1 814	1 758	1 817
ITH44,NR	3 172	3 436	3 229	3 287	3 214
ITH5,NR	47 728	51 581	49 377	51 064	49 811
ITH51,NR	3 434	3 708	3 511	3 671	3 666
ITH52,NR	4 986	5 096	4 949	5 117	4 920
ITH53,NR	5 173	5 570	5 508	5 408	5 434
ITH54,NR	6 809	7 273	7 349	7 384	7 181
ITH55,NR	11 098	12 291	11 337	11 877	11 678
ITH56,NR	4 579	5 056	4 758	5 017	4 768
ITH57,NR	4 369	4 770	4 525	4 678	4 560
ITH58,NR	4 162	4 389	4 232	4 443	4 277
ITH59,NR	3 118	3 428	3 208	3 469	3 327
ITI,NR	123 177	132 755	126 889	133 710	127 984
ITI1,NR	41 507	45 350	42 477	44 521	43 442
ITI11,NR	2 439	2 720	2 457	2 583	2 563
ITI12,NR	4 579	4 955	4 618	4 933	4 828
ITI13,NR	3 136	3 332	3 229	3 500	3 299
ITI14,NR	10 834	11 935	11 083	11 659	11 171
ITI15,NR	2 329	2 543	2 447	2 505	2 588
ITI16,NR	4 070	4 384	4 110	4 231	4 225
ITI17,NR	4 399	4 897	4 531	4 743	4 719
ITI18,NR	3 873	4 109	3 880	4 075	4 003
ITI19,NR	3 136	3 508	3 352	3 413	3 299
ITI1A,NR	2 712	2 967	2 770	2 879	2 747
ITI2,NR	9 907	10 811	10 252	10 789	10 078
ITI21,NR	7 082	7 747	7 354	7 757	7 236
ITI22,NR	2 825	3 064	2 898	3 032	2 842
ITI3,NR	16 826	18 206	17 322	18 449	17 175
ITI31,NR	3 689	4 010	3 846	3 932	3 853
ITI32,NR	5 277	5 572	5 311	5 648	5 331
ITI33,NR	3 645	3 937	3 717	4 002	3 490
ITI34,NR	2 277	2 521	2 413	2 532	2 487
ITI35,NR	1 938	2 166	2 035	2 335	2 014
ITI4,NR	54 937	58 388	56 838	59 951	57 289
ITI41,NR	3 668	4 028	3 615	3 981	3 836
ITI42,NR	1 866	1 997	2 014	2 022	1 748
ITI43,NR	39 228	41 555	40 615	42 898	41 151
ITI44,NR	4 885	5 306	5 130	5 340	5 233
ITI45,NR	5 290	5 502	5 464	5 710	5 321
ITF,NR	131 939	142 295	134 185	143 282	136 960
ITF1,NR	14 382	15 365	14 546	15 484	14 680
ITF11,NR	3 515	3 625	3 559	3 590	3 470
ITF12,NR	3 160	3 496	3 213	3 536	3 183
ITF13,NR	3 369	3 556	3 275	3 568	3 470
ITF14,NR	4 338	4 688	4 499	4 790	4 557
ITF2,NR	3 561	3 884	3 579	3 855	3 703
ITF21,NR	1 038	1 071	1 045	1 108	1 067
ITF22,NR	2 523	2 813	2 534	2 747	2 636
ITF3,NR	51 877	56 796	53 044	56 294	53 740
ITF31,NR	7 519	8 200	8 039	8 406	8 146
ITF32,NR	3 214	3 474	3 219	3 451	3 227
ITF33,NR	26 162	28 518	26 527	28 131	26 793
ITF34,NR	4 609	4 919	4 561	4 750	4 542
ITF35,NR	10 373	11 685	10 698	11 556	11 032
ITF4,NR	36 879	39 525	37 546	40 351	38 830
ITF43,NR	5 353	5 544	5 562	5 793	5 679
ITF44,NR	3 898	4 214	3 915	4 171	4 090
ITF45,NR	7 882	8 617	8 091	8 873	8 299
ITF46,NR	5 736	6 302	5 916	6 403	6 142
ITF47,NR	10 889	11 508	10 915	11 668	11 305
ITF48,NR	3 121	3 340	3 147	3 443	3 315
ITF5,NR	5 964	6 414	6 203	6 495	6 251
ITF51,NR	3 996	4 325	4 177	4 401	4 222
ITF52,NR	1 968	2 089	2 026	2 094	2 029
ITF6,NR	19 276	20 311	19 267	20 803	19 756
ITF61,NR	7 067	7 471	7 178	7 809	7 241
ITF62,NR	1 494	1 602	1 478	1 681	1 526
ITF63,NR	3 496	3 690	3 534	3 816	3 806
ITF64,NR	1 582	1 664	1 580	1 651	1 636
ITF65,NR	5 637	5 884	5 497	5 846	5 547
ITG,NR	65 110	69 645	66 132	71 131	68 260
ITG1,NR	49 665	53 117	49 989	54 358	51 983
ITG11,NR	4 511	4 924	4 523	4 962	4 653
ITG12,NR	11 839	12 676	12 145	13 081	12 636
ITG13,NR	7 232	7 715	6 982	7 712	7 176
ITG14,NR	4 444	4 885	4 528	5 117	4 747
ITG15,NR	2 810	2 867	2 802	3 004	2 880
ITG16,NR	1 952	1 971	1 909	2 039	1 885
ITG17,NR	9 976	10 731	10 129	11 000	10 583
ITG18,NR	3 000	3 163	2 958	3 214	3 215
ITG19,NR	3 901	4 185	4 013	4 229	4 208
ITG2,NR	15 445	16 528	16 143	16 773	16 277
ITG25,NR	3 250	3 310	3 493	3 479	3 398
ITG26,NR	1 649	1 720	1 705	1 728	1 678
ITG27,NR	4 737	5 147	4 893	5 152	4 863
ITG28,NR	1 754	1 915	1 802	1 900	1 892
ITG29,NR	1 225	1 314	1 361	1 329	1 391
ITG2A,NR	564	634	577	639	639
ITG2B,NR	999	1 140	1 035	1 136	1 079
ITG2C,NR	1 267	1 348	1 277	1 410	1 337
CY,NR	5 424	5 859	5 471	5 996	5 768
CY0,NR	5 424	5 859	5 471	5 996	5 768
CY00,NR	5 424	5 859	5 471	5 996	5 768
CY000,NR	5 424	5 859	5 471	5 996	5 768
LV,NR	28 466	28 478	28 580	28 757	28 820
LV0,NR	28 466	28 478	28 580	28 757	28 820
LV00,NR	28 466	28 478	28 580	28 757	28 820
LV003,NR	3 711	3 722	3 908	3 893	3 917
LV005,NR	4 874	4 947	4 902	4 953	4 903
LV006,NR	8 986	8 764	8 741	8 997	8 814
LV007,NR	4 427	4 495	4 477	4 539	4 644
LV008,NR	3 089	3 051	3 021	3 007	2 979
LV009,NR	3 379	3 499	3 531	3 368	3 563
LT,NR	40 252	41 776	41 106	40 142	39 574
LT0,NR	40 252	41 776	41 106	40 142	39 574
LT01,NR	9 906	10 059	9 932	9 547	9 633
LT011,NR	9 906	10 059	9 932	9 547	9 633
LT02,NR	30 346	31 717	31 174	30 595	29 941
LT021,NR	2 291	2 292	2 294	2 324	2 223
LT022,NR	7 846	8 468	8 215	8 012	7 885
LT023,NR	4 195	4 369	4 415	4 281	4 180
LT024,NR	2 324	2 370	2 239	2 194	2 216
LT025,NR	3 547	3 748	3 719	3 630	3 461
LT026,NR	4 113	4 332	4 193	4 195	4 142
LT027,NR	1 544	1 666	1 655	1 542	1 501
LT028,NR	1 992	1 951	1 897	1 905	1 884
LT029,NR	2 494	2 521	2 547	2 512	2 449
LU,NR	3 841	3 983	3 967	4 263	4 318
LU0,NR	3 841	3 983	3 967	4 263	4 318
LU00,NR	3 841	3 983	3 967	4 263	4 318
LU000,NR	3 841	3 983	3 967	4 263	4 318
HU,NR	126 294	131 575	127 098	131 877	131 247
HU1,NR	34 434	36 573	35 305	36 683	36 544
HU11,NR	20 836	21 898	21 231	21 731	21 652
HU110,NR	20 836	21 898	21 231	21 731	21 652
HU12,NR	13 598	14 675	14 074	14 952	14 892
HU120,NR	13 598	14 675	14 074	14 952	14 892
HU2,NR	38 632	40 247	38 852	40 574	40 234
HU21,NR	13 488	14 475	13 864	14 544	14 461
HU211,NR	5 059	5 407	5 218	5 616	5 778
HU212,NR	4 018	4 372	3 986	4 099	4 086
HU213,NR	4 411	4 696	4 660	4 829	4 597
HU22,NR	12 651	12 676	12 489	12 974	12 891
HU221,NR	5 335	5 322	5 208	5 500	5 544
HU222,NR	3 477	3 428	3 436	3 554	3 375
HU223,NR	3 839	3 926	3 845	3 920	3 972
HU23,NR	12 493	13 096	12 499	13 056	12 882
HU231,NR	4 978	5 222	5 020	5 236	5 056
HU232,NR	4 405	4 681	4 423	4 588	4 611
HU233,NR	3 110	3 193	3 056	3 232	3 215
HU3,NR	53 061	54 589	52 788	54 476	54 302
HU31,NR	16 802	17 017	16 618	17 143	17 129
HU311,NR	9 625	9 624	9 359	9 661	9 521
HU312,NR	4 172	4 462	4 335	4 433	4 545
HU313,NR	3 005	2 931	2 924	3 049	3 063
HU32,NR	18 402	19 146	18 590	18 860	19 326
HU321,NR	6 319	6 523	6 189	6 483	6 800
HU322,NR	5 475	5 660	5 544	5 537	5 507
HU323,NR	6 608	6 963	6 857	6 840	7 019
HU33,NR	17 857	18 426	17 580	18 473	17 847
HU331,NR	7 102	7 177	6 946	7 229	7 010
HU332,NR	5 445	5 573	5 412	5 653	5 338
HU333,NR	5 310	5 676	5 222	5 591	5 499
HUX,NR	167	166	153	144	167
HUXX,NR	167	166	153	144	167
HUXXX,NR	167	166	153	144	167
MT,NR	3 270	3 442	3 342	3 571	3 688
MT0,NR	3 270	3 442	3 342	3 571	3 688
MT00,NR	3 270	3 442	3 342	3 571	3 688
MT001,NR	3 033	3 129	3 067	3 289	3 390
MT002,NR	237	313	275	282	298
NL,NR	139 223	147 134	148 997	150 214	153 363
NL1,NR	15 725	16 515	16 953	17 130	17 416
NL11,NR	5 325	5 481	5 583	5 664	5 650
NL111,NR	1 651	1 689	1 779	1 745	1 814
NL112,NR	559	584	590	558	574
NL113,NR	3 115	3 208	3 214	3 361	3 262
NL12,NR	5 783	6 059	6 286	6 264	6 426
NL124,NR	2 863	2 934	3 052	3 133	3 148
NL125,NR	1 167	1 272	1 263	1 226	1 366
NL126,NR	1 753	1 853	1 971	1 905	1 912
NL13,NR	4 617	4 975	5 084	5 202	5 340
NL131,NR	1 686	1 948	1 888	1 995	2 068
NL132,NR	1 707	1 761	1 839	1 836	1 858
NL133,NR	1 224	1 266	1 357	1 371	1 414
NL2,NR	28 785	30 135	30 635	31 153	32 013
NL21,NR	9 623	9 985	10 134	10 254	10 510
NL211,NR	2 813	2 853	2 898	2 960	3 081
NL212,NR	1 309	1 338	1 308	1 428	1 459
NL213,NR	5 501	5 794	5 928	5 866	5 970
NL22,NR	17 026	17 890	18 124	18 617	19 017
NL221,NR	5 519	5 762	6 011	5 922	6 173
NL224,NR	1 827	1 951	1 847	1 969	1 994
NL225,NR	3 765	3 957	3 990	4 146	4 198
NL226,NR	5 915	6 220	6 276	6 580	6 652
NL23,NR	2 136	2 260	2 377	2 282	2 486
NL230,NR	2 136	2 260	2 377	2 282	2 486
NL3,NR	62 967	66 732	67 514	67 384	68 868
NL31,NR	9 087	9 484	9 609	9 701	9 869
NL310,NR	9 087	9 484	9 609	9 701	9 869
NL32,NR	21 617	23 032	23 276	22 866	23 424
NL321,NR	3 035	3 242	3 235	3 348	3 384
NL323,NR	1 775	1 883	1 927	1 906	1 981
NL324,NR	2 150	2 419	2 386	2 387	2 352
NL325,NR	1 353	1 503	1 507	1 466	1 458
NL327,NR	2 516	2 667	2 627	2 597	2 662
NL328,NR	1 832	2 038	2 166	2 042	2 124
NL329,NR	8 956	9 280	9 428	9 120	9 463
NL33,NR	28 731	30 286	30 744	30 873	31 532
NL332,NR	6 730	7 004	7 134	6 916	7 060
NL333,NR	1 548	1 693	1 630	1 725	1 691
NL337,NR	3 402	3 383	3 422	3 479	3 734
NL33A,NR	3 299	3 560	3 613	3 664	3 704
NL33B,NR	2 230	2 566	2 580	2 557	2 625
NL33C,NR	11 522	12 080	12 365	12 532	12 718
NL34,NR	3 532	3 930	3 885	3 944	4 043
NL341,NR	1 097	1 268	1 179	1 244	1 210
NL342,NR	2 435	2 662	2 706	2 700	2 833
NL4,NR	31 746	33 752	33 895	34 547	35 066
NL41,NR	20 823	21 938	22 356	22 702	23 150
NL411,NR	5 600	5 866	5 978	6 056	6 070
NL412,NR	3 877	4 008	4 059	4 221	4 342
NL413,NR	5 119	5 474	5 628	5 729	5 908
NL414,NR	6 227	6 590	6 691	6 696	6 830
NL42,NR	10 923	11 814	11 539	11 845	11 916
NL421,NR	2 274	2 562	2 475	2 540	2 604
NL422,NR	2 235	2 450	2 341	2 379	2 406
NL423,NR	6 414	6 802	6 723	6 926	6 906
AT,NR	78 252	83 073	80 669	83 270	83 975
AT1,NR	35 442	37 083	36 207	37 061	37 805
AT11,NR	3 191	3 299	3 215	3 357	3 313
AT111,NR	454	474	465	460	496
AT112,NR	1 578	1 682	1 635	1 687	1 619
AT113,NR	1 159	1 143	1 115	1 210	1 198
AT12,NR	16 237	17 258	16 961	17 280	17 605
AT121,NR	2 253	2 308	2 430	2 365	2 439
AT122,NR	2 732	2 806	2 891	2 800	2 820
AT123,NR	1 459	1 610	1 480	1 799	1 566
AT124,NR	2 435	2 574	2 503	2 641	2 456
AT125,NR	1 386	1 421	1 555	1 525	1 609
AT126,NR	2 863	3 232	2 971	2 792	3 240
AT127,NR	3 109	3 307	3 131	3 358	3 475
AT13,NR	16 014	16 526	16 031	16 424	16 887
AT130,NR	16 014	16 526	16 031	16 424	16 887
AT2,NR	17 513	18 849	18 272	18 910	18 723
AT21,NR	5 646	6 028	5 961	6 077	6 130
AT211,NR	2 851	2 952	2 963	2 975	3 042
AT212,NR	1 278	1 395	1 363	1 467	1 335
AT213,NR	1 517	1 681	1 635	1 635	1 753
AT22,NR	11 867	12 821	12 311	12 833	12 593
AT221,NR	3 540	3 785	3 614	3 835	3 762
AT222,NR	780	851	810	871	885
AT223,NR	2 031	2 085	2 150	2 018	2 052
AT224,NR	2 484	2 744	2 572	2 735	2 588
AT225,NR	1 898	2 136	1 953	2 143	2 024
AT226,NR	1 134	1 220	1 212	1 231	1 282
AT3,NR	25 297	27 141	26 190	27 299	27 447
AT31,NR	12 625	13 653	12 911	13 579	13 584
AT311,NR	2 426	2 621	2 489	2 680	2 598
AT312,NR	5 015	5 408	5 103	5 172	5 347
AT313,NR	1 642	1 835	1 715	1 893	1 781
AT314,NR	1 421	1 565	1 495	1 519	1 581
AT315,NR	2 121	2 224	2 109	2 315	2 277
AT32,NR	4 316	4 517	4 490	4 677	4 626
AT321,NR	172	195	197	200	197
AT322,NR	1 249	1 388	1 391	1 386	1 401
AT323,NR	2 895	2 934	2 902	3 091	3 028
AT33,NR	5 624	6 001	5 860	5 930	6 137
AT331,NR	306	271	252	258	299
AT332,NR	2 359	2 433	2 437	2 418	2 504
AT333,NR	424	485	434	487	475
AT334,NR	762	796	769	752	770
AT335,NR	1 773	2 016	1 968	2 015	2 089
AT34,NR	2 732	2 970	2 929	3 113	3 100
AT341,NR	683	775	740	806	789
AT342,NR	2 049	2 195	2 189	2 307	2 311
PL,NR	376 467	394 921	388 009	402 852	414 200
PL2,NR	77 442	81 805	79 674	83 256	84 626
PL21,NR	29 611	31 384	30 716	31 852	32 467
PL213,NR	7 061	7 598	7 151	7 663	7 835
PL214,NR	6 227	6 671	6 492	6 723	6 675
PL217,NR	3 911	4 184	4 069	4 213	4 267
PL218,NR	4 293	4 285	4 407	4 465	4 505
PL219,NR	2 793	3 068	3 066	2 950	3 157
PL21A,NR	5 326	5 578	5 531	5 838	6 028
PL22,NR	47 831	50 421	48 958	51 404	52 159
PL224,NR	5 919	6 155	6 151	6 410	6 493
PL225,NR	6 287	6 701	6 701	7 070	7 128
PL227,NR	5 811	6 282	5 918	6 160	6 508
PL228,NR	4 739	5 038	4 841	5 070	5 101
PL229,NR	4 788	4 929	4 861	5 060	5 280
PL22A,NR	8 601	9 131	8 613	9 075	9 085
PL22B,NR	8 272	8 652	8 358	8 821	8 748
PL22C,NR	3 414	3 533	3 515	3 738	3 816
PL4,NR	56 889	60 591	59 329	61 334	64 659
PL41,NR	31 057	33 169	32 327	33 261	35 121
PL411,NR	3 747	4 058	3 983	3 941	4 151
PL414,NR	5 997	6 439	6 259	6 354	6 866
PL415,NR	5 560	5 817	5 616	5 632	5 864
PL416,NR	6 271	6 928	6 528	6 879	7 200
PL417,NR	4 694	4 999	4 940	5 276	5 417
PL418,NR	4 788	4 928	5 001	5 179	5 623
PL42,NR	16 279	17 266	17 047	17 788	18 557
PL424,NR	4 148	4 440	4 281	4 607	4 956
PL426,NR	3 337	3 549	3 560	3 638	3 736
PL427,NR	4 233	4 454	4 461	4 583	4 653
PL428,NR	4 561	4 823	4 745	4 960	5 212
PL43,NR	9 553	10 156	9 955	10 285	10 981
PL431,NR	3 560	3 765	3 764	3 796	4 184
PL432,NR	5 993	6 391	6 191	6 489	6 797
PL5,NR	39 718	42 008	40 572	42 918	43 698
PL51,NR	29 910	31 540	30 566	32 038	32 991
PL514,NR	6 506	6 896	6 460	6 892	7 084
PL515,NR	6 229	6 500	6 327	6 657	6 905
PL516,NR	4 162	4 421	4 393	4 595	4 766
PL517,NR	7 964	8 313	8 135	8 338	8 457
PL518,NR	5 049	5 410	5 251	5 556	5 779
PL52,NR	9 808	10 468	10 006	10 880	10 707
PL523,NR	3 986	4 306	4 115	4 428	4 329
PL524,NR	5 822	6 162	5 891	6 452	6 378
PL6,NR	53 252	55 416	55 748	57 325	59 997
PL61,NR	20 028	20 523	20 525	21 252	22 629
PL613,NR	7 167	7 265	7 344	7 689	8 073
PL616,NR	3 705	3 950	3 889	3 957	4 326
PL617,NR	3 521	3 520	3 581	3 700	4 030
PL618,NR	1 659	1 739	1 828	1 830	1 901
PL619,NR	3 976	4 049	3 883	4 076	4 299
PL62,NR	13 098	13 858	14 078	14 423	14 973
PL621,NR	4 995	5 191	5 290	5 410	5 714
PL622,NR	5 584	5 935	5 994	6 142	6 335
PL623,NR	2 519	2 732	2 794	2 871	2 924
PL63,NR	20 126	21 035	21 145	21 650	22 395
PL633,NR	7 588	7 915	7 869	8 111	8 390
PL634,NR	3 821	3 986	4 240	4 312	4 551
PL636,NR	3 026	3 073	3 235	3 289	3 331
PL637,NR	1 862	2 001	1 867	1 961	2 035
PL638,NR	3 829	4 060	3 934	3 977	4 088
PL7,NR	43 354	45 534	44 161	45 502	46 208
PL71,NR	29 727	31 125	30 213	31 172	31 589
PL711,NR	9 813	10 186	9 663	10 055	10 014
PL712,NR	4 337	4 501	4 464	4 576	4 732
PL713,NR	6 388	6 864	6 690	6 776	6 953
PL714,NR	4 973	5 204	5 103	5 303	5 239
PL715,NR	4 216	4 370	4 293	4 462	4 651
PL72,NR	13 627	14 409	13 948	14 330	14 619
PL721,NR	7 922	8 431	8 300	8 476	8 680
PL722,NR	5 705	5 978	5 648	5 854	5 939
PL8,NR	52 318	54 537	53 658	55 280	56 287
PL81,NR	22 107	22 816	22 284	23 427	23 682
PL811,NR	3 236	3 243	3 201	3 342	3 518
PL812,NR	6 878	7 097	6 954	7 320	7 290
PL814,NR	6 827	6 924	6 866	7 365	7 411
PL815,NR	5 166	5 552	5 263	5 400	5 463
PL82,NR	18 361	19 419	19 103	19 327	19 636
PL821,NR	4 173	4 543	4 381	4 416	4 523
PL822,NR	3 693	3 913	3 729	3 880	3 909
PL823,NR	5 211	5 495	5 416	5 535	5 533
PL824,NR	5 284	5 468	5 577	5 496	5 671
PL84,NR	11 850	12 302	12 271	12 526	12 969
PL841,NR	4 750	4 958	4 894	4 995	5 225
PL842,NR	4 495	4 677	4 633	4 739	4 868
PL843,NR	2 605	2 667	2 744	2 792	2 876
PL9,NR	53 494	55 030	54 867	57 237	58 725
PL91,NR	28 686	29 707	29 711	31 180	32 148
PL911,NR	17 959	18 592	18 512	19 118	19 673
PL912,NR	5 324	5 699	5 580	6 116	6 143
PL913,NR	5 403	5 416	5 619	5 946	6 332
PL92,NR	24 808	25 323	25 156	26 057	26 577
PL921,NR	6 568	6 752	6 681	6 807	6 988
PL922,NR	3 857	3 785	3 716	3 970	4 021
PL923,NR	3 490	3 492	3 575	3 612	3 826
PL924,NR	3 717	3 932	3 848	4 101	4 091
PL925,NR	4 292	4 403	4 445	4 557	4 558
PL926,NR	2 884	2 959	2 891	3 010	3 093
PT,NR	104 843	108 539	110 573	109 758	113 051
PT1,NR	99 794	103 621	105 550	104 998	108 026
PT11,NR	32 326	33 545	34 043	34 285	35 240
PT111,NR	2 746	2 894	2 939	2 953	3 051
PT112,NR	2 854	3 069	3 046	3 115	3 222
PT119,NR	3 224	3 363	3 305	3 499	3 486
PT11A,NR	14 948	15 248	15 662	15 697	16 359
PT11B,NR	1 225	1 272	1 403	1 310	1 344
PT11C,NR	3 375	3 437	3 440	3 611	3 641
PT11D,NR	2 395	2 534	2 617	2 435	2 507
PT11E,NR	1 559	1 728	1 631	1 665	1 630
PT15,NR	4 697	4 818	5 227	5 300	5 309
PT150,NR	4 697	4 818	5 227	5 300	5 309
PT16,NR	26 622	27 474	28 061	28 049	28 473
PT16B,NR	3 988	4 061	4 221	4 206	4 327
PT16D,NR	3 502	3 717	3 676	3 846	3 782
PT16E,NR	5 196	5 302	5 436	5 582	5 588
PT16F,NR	3 070	3 038	3 230	3 198	3 359
PT16G,NR	3 045	3 177	3 362	3 228	3 270
PT16H,NR	1 399	1 419	1 327	1 346	1 416
PT16I,NR	3 144	3 329	3 319	3 286	3 340
PT16J,NR	3 278	3 431	3 490	3 357	3 391
PT17,NR	26 193	27 309	27 577	27 246	28 540
PT170,NR	26 193	27 309	27 577	27 246	28 540
PT18,NR	9 956	10 475	10 642	10 118	10 464
PT181,NR	1 187	1 362	1 293	1 240	1 248
PT184,NR	1 799	2 003	1 920	1 883	2 016
PT185,NR	2 970	3 011	3 257	2 979	3 123
PT186,NR	1 840	1 905	1 905	1 750	1 830
PT187,NR	2 160	2 194	2 267	2 266	2 247
PT2,NR	2 315	2 306	2 408	2 246	2 295
PT20,NR	2 315	2 306	2 408	2 246	2 295
PT200,NR	2 315	2 306	2 408	2 246	2 295
PT3,NR	2 734	2 612	2 615	2 514	2 730
PT30,NR	2 734	2 612	2 615	2 514	2 730
PT300,NR	2 734	2 612	2 615	2 514	2 730
RO,NR	254 965	261 294	257 215	261 402	263 911
RO1,NR	59 070	61 368	59 575	60 805	61 776
RO11,NR	31 163	32 476	31 238	32 218	32 486
RO111,NR	7 281	7 557	7 283	7 436	7 513
RO112,NR	3 301	3 419	3 264	3 571	3 393
RO113,NR	7 828	8 184	7 811	8 092	8 185
RO114,NR	5 523	5 773	5 667	5 652	5 808
RO115,NR	4 259	4 448	4 279	4 417	4 448
RO116,NR	2 971	3 095	2 934	3 050	3 139
RO12,NR	27 907	28 892	28 337	28 587	29 290
RO121,NR	4 332	4 608	4 429	4 403	4 400
RO122,NR	6 083	6 263	6 105	6 340	6 510
RO123,NR	2 514	2 454	2 490	2 635	2 770
RO124,NR	3 547	3 686	3 557	3 603	3 790
RO125,NR	6 814	7 192	7 082	7 003	7 092
RO126,NR	4 617	4 689	4 674	4 603	4 728
RO2,NR	76 411	77 906	77 580	78 932	81 276
RO21,NR	42 518	43 811	43 157	43 877	45 627
RO211,NR	8 470	8 550	8 645	8 653	9 094
RO212,NR	5 841	5 833	5 784	5 857	5 979
RO213,NR	8 592	9 041	8 762	9 059	9 452
RO214,NR	6 527	6 937	6 688	6 871	7 218
RO215,NR	7 714	7 950	7 724	7 769	8 075
RO216,NR	5 374	5 500	5 554	5 668	5 809
RO22,NR	33 893	34 095	34 423	35 055	35 649
RO221,NR	4 740	4 835	4 850	4 778	4 881
RO222,NR	6 707	6 676	6 712	6 742	6 904
RO223,NR	7 842	7 871	8 116	8 287	8 373
RO224,NR	6 776	6 826	6 942	7 247	7 381
RO225,NR	3 102	3 060	3 092	3 037	3 230
RO226,NR	4 726	4 827	4 711	4 964	4 880
RO3,NR	67 667	69 167	69 318	69 740	70 177
RO31,NR	42 825	43 503	43 582	43 811	43 675
RO311,NR	7 261	7 497	7 497	7 649	7 708
RO312,NR	4 396	4 501	4 401	4 489	4 537
RO313,NR	6 326	6 383	6 401	6 553	6 511
RO314,NR	4 306	4 259	4 294	4 412	4 438
RO315,NR	3 945	3 852	3 939	3 903	3 879
RO316,NR	9 815	10 365	10 435	10 347	10 344
RO317,NR	6 776	6 646	6 615	6 458	6 258
RO32,NR	24 842	25 664	25 736	25 929	26 502
RO321,NR	20 980	21 751	21 712	21 768	22 253
RO322,NR	3 862	3 913	4 024	4 161	4 249
RO4,NR	51 817	52 853	50 742	51 925	50 682
RO41,NR	28 517	28 584	27 260	27 661	27 185
RO411,NR	9 582	9 969	9 383	9 573	9 479
RO412,NR	4 333	4 223	4 111	4 039	4 062
RO413,NR	4 003	3 914	3 750	3 772	3 749
RO414,NR	6 498	6 367	6 138	6 471	6 399
RO415,NR	4 101	4 111	3 878	3 806	3 496
RO42,NR	23 300	24 269	23 482	24 264	23 497
RO421,NR	5 831	6 118	5 845	6 321	5 898
RO422,NR	4 076	4 315	4 039	4 293	4 152
RO423,NR	5 816	5 832	6 041	5 786	5 874
RO424,NR	7 577	8 004	7 557	7 864	7 573
SI,NR	18 886	19 834	19 689	20 509	20 485
SI0,NR	18 886	19 834	19 689	20 509	20 485
SI03,NR	10 870	11 485	11 395	11 722	11 760
SI031,NR	1 368	1 353	1 361	1 376	1 401
SI032,NR	3 131	3 476	3 398	3 544	3 603
SI033,NR	660	701	731	689	704
SI034,NR	2 381	2 521	2 476	2 643	2 526
SI035,NR	612	608	619	637	614
SI036,NR	810	835	860	812	839
SI037,NR	1 348	1 425	1 391	1 464	1 514
SI038,NR	560	566	559	557	559
SI04,NR	8 016	8 349	8 294	8 787	8 725
SI041,NR	4 050	4 270	4 155	4 504	4 470
SI042,NR	1 730	1 774	1 764	1 925	1 875
SI043,NR	1 260	1 266	1 296	1 310	1 244
SI044,NR	976	1 039	1 079	1 048	1 136
SK,NR	51 346	53 826	52 351	53 914	54 293
SK0,NR	51 346	53 826	52 351	53 914	54 293
SK01,NR	5 730	5 944	5 930	6 158	6 284
SK010,NR	5 730	5 944	5 930	6 158	6 284
SK02,NR	18 759	19 447	19 160	19 684	19 811
SK021,NR	5 461	5 763	5 579	5 666	5 843
SK022,NR	5 656	5 862	5 996	6 292	6 228
SK023,NR	7 642	7 822	7 585	7 726	7 740
SK03,NR	13 017	13 765	13 400	13 713	13 768
SK031,NR	6 327	6 691	6 560	6 694	6 757
SK032,NR	6 690	7 074	6 840	7 019	7 011
SK04,NR	13 840	14 670	13 861	14 359	14 430
SK041,NR	6 723	7 196	6 684	6 880	7 137
SK042,NR	7 117	7 474	7 177	7 479	7 293
FI,NR	52 186	52 492	53 923	53 722	54 527
FI1,NR	51 935	52 207	53 626	53 487	54 255
FI19,NR	14 175	14 027	14 451	14 427	14 463
FI193,NR	2 902	2 782	2 938	2 848	2 974
FI194,NR	2 179	2 154	2 193	2 127	2 163
FI195,NR	1 702	1 711	1 759	1 848	1 782
FI196,NR	2 687	2 636	2 800	2 801	2 759
FI197,NR	4 705	4 744	4 761	4 803	4 785
FI1B,NR	11 549	11 835	12 070	12 042	12 225
FI1B1,NR	11 549	11 835	12 070	12 042	12 225
FI1C,NR	12 488	12 555	12 986	12 900	13 194
FI1C1,NR	4 616	4 632	4 915	4 926	4 918
FI1C2,NR	1 831	1 859	1 919	1 826	1 937
FI1C3,NR	2 263	2 134	2 262	2 247	2 313
FI1C4,NR	2 131	2 263	2 217	2 259	2 371
FI1C5,NR	1 647	1 667	1 673	1 642	1 655
FI1D,NR	13 723	13 790	14 119	14 118	14 373
FI1D1,NR	2 099	2 136	2 165	2 145	2 183
FI1D2,NR	2 911	2 906	2 852	2 870	2 884
FI1D3,NR	1 958	1 971	2 051	2 014	2 056
FI1D5,NR	662	633	643	664	670
FI1D7,NR	1 930	2 002	2 099	2 100	2 136
FI1D8,NR	939	975	969	1 002	963
FI1D9,NR	3 224	3 167	3 340	3 323	3 481
FI2,NR	251	285	297	235	272
FI20,NR	251	285	297	235	272
FI200,NR	251	285	297	235	272
SE,NR	88 976	90 907	90 982	91 972	92 185
SE1,NR	30 601	31 210	31 580	31 594	32 139
SE11,NR	15 630	15 830	15 913	15 835	16 186
SE110,NR	15 630	15 830	15 913	15 835	16 186
SE12,NR	14 971	15 380	15 667	15 759	15 953
SE121,NR	2 711	2 754	2 746	2 829	2 868
SE122,NR	2 769	2 922	2 957	2 968	3 008
SE123,NR	4 134	4 158	4 248	4 377	4 316
SE124,NR	2 818	2 939	3 001	2 915	2 953
SE125,NR	2 539	2 607	2 715	2 670	2 808
SE2,NR	39 275	39 903	40 173	41 012	40 879
SE21,NR	8 301	8 641	8 440	8 809	8 693
SE211,NR	3 352	3 392	3 243	3 501	3 432
SE212,NR	1 744	1 848	1 780	1 922	1 920
SE213,NR	2 651	2 773	2 776	2 765	2 733
SE214,NR	554	628	641	621	608
SE22,NR	13 414	13 483	13 712	13 835	13 949
SE221,NR	1 661	1 687	1 766	1 775	1 723
SE224,NR	11 753	11 796	11 946	12 060	12 226
SE23,NR	17 560	17 779	18 021	18 368	18 237
SE231,NR	2 887	2 800	2 933	3 026	2 953
SE232,NR	14 673	14 979	15 088	15 342	15 284
SE3,NR	19 100	19 794	19 229	19 366	19 167
SE31,NR	9 303	9 792	9 502	9 489	9 333
SE311,NR	3 037	3 248	3 197	3 132	3 131
SE312,NR	3 048	3 173	3 151	3 091	3 118
SE313,NR	3 218	3 371	3 154	3 266	3 084
SE32,NR	4 403	4 516	4 304	4 412	4 249
SE321,NR	2 908	3 016	2 877	2 943	2 815
SE322,NR	1 495	1 500	1 427	1 469	1 434
SE33,NR	5 394	5 486	5 423	5 465	5 585
SE331,NR	2 577	2 662	2 610	2 602	2 742
SE332,NR	2 817	2 824	2 813	2 863	2 843
UK,NR	568 840	601 272	595 655	605 748	614 313
UKC,NR	26 888	28 075	27 836	28 034	28 431
UKC1,NR	12 100	12 674	12 675	12 740	12 910
UKC11,NR	2 752	2 945	2 914	2 925	2 986
UKC12,NR	2 913	3 010	3 013	3 095	3 048
UKC13,NR	1 087	1 190	1 076	1 132	1 161
UKC14,NR	5 348	5 529	5 672	5 588	5 715
UKC2,NR	14 788	15 401	15 161	15 294	15 521
UKC21,NR	3 416	3 576	3 653	3 629	3 730
UKC22,NR	8 445	8 795	8 569	8 647	8 784
UKC23,NR	2 927	3 030	2 939	3 018	3 007
UKD,NR	68 318	71 299	71 315	71 657	72 278
UKD1,NR	5 327	5 580	5 635	5 701	5 598
UKD11,NR	2 597	2 671	2 675	2 751	2 648
UKD12,NR	2 730	2 909	2 960	2 950	2 950
UKD3,NR	23 820	24 844	24 438	24 863	24 527
UKD33,NR	3 579	3 609	3 581	3 517	3 378
UKD34,NR	4 059	4 231	4 177	4 304	4 144
UKD35,NR	4 803	5 126	4 898	5 123	5 251
UKD36,NR	5 423	5 794	5 789	5 875	5 922
UKD37,NR	5 956	6 084	5 993	6 044	5 832
UKD4,NR	15 020	15 510	15 544	15 842	16 109
UKD41,NR	1 234	1 265	1 349	1 277	1 264
UKD42,NR	1 782	1 986	1 862	1 868	1 915
UKD44,NR	2 868	2 949	3 006	2 953	3 062
UKD45,NR	3 771	3 851	3 864	3 996	4 023
UKD46,NR	3 246	3 270	3 166	3 397	3 435
UKD47,NR	2 119	2 189	2 297	2 351	2 410
UKD6,NR	8 698	9 199	9 397	9 285	9 518
UKD61,NR	1 884	1 957	1 916	1 933	1 983
UKD62,NR	3 587	3 884	3 961	3 930	4 084
UKD63,NR	3 227	3 358	3 520	3 422	3 451
UKD7,NR	15 453	16 166	16 301	15 966	16 526
UKD71,NR	4 513	4 695	4 820	4 645	4 834
UKD72,NR	4 200	4 453	4 477	4 587	4 602
UKD73,NR	3 192	3 249	3 286	3 184	3 301
UKD74,NR	3 548	3 769	3 718	3 550	3 789
UKE,NR	49 268	51 690	51 513	52 407	53 078
UKE1,NR	9 291	9 890	9 845	10 174	9 958
UKE11,NR	2 476	2 505	2 487	2 656	2 506
UKE12,NR	3 591	3 940	3 831	3 920	3 922
UKE13,NR	3 224	3 445	3 527	3 598	3 530
UKE2,NR	7 850	8 170	8 248	8 371	8 555
UKE21,NR	1 771	1 806	1 810	1 825	1 902
UKE22,NR	6 079	6 364	6 438	6 546	6 653
UKE3,NR	12 684	13 227	13 177	13 359	13 668
UKE31,NR	7 916	8 276	8 266	8 368	8 544
UKE32,NR	4 768	4 951	4 911	4 991	5 124
UKE4,NR	19 443	20 403	20 243	20 503	20 897
UKE41,NR	4 416	4 474	4 571	4 540	4 534
UKE42,NR	6 317	6 790	6 592	6 673	6 920
UKE44,NR	5 553	5 773	5 779	5 892	5 973
UKE45,NR	3 157	3 366	3 301	3 398	3 470
UKF,NR	41 939	45 016	44 027	45 362	46 236
UKF1,NR	20 056	21 507	20 757	21 334	21 595
UKF11,NR	2 159	2 284	2 281	2 287	2 441
UKF12,NR	3 035	3 265	3 129	3 378	3 272
UKF13,NR	4 776	5 225	4 994	4 863	5 099
UKF14,NR	2 299	2 446	2 343	2 367	2 312
UKF15,NR	4 640	4 857	4 805	4 980	4 920
UKF16,NR	3 147	3 430	3 205	3 459	3 551
UKF2,NR	14 427	15 291	15 192	15 507	15 891
UKF21,NR	2 458	2 621	2 532	2 578	2 531
UKF22,NR	6 095	6 430	6 451	6 515	6 817
UKF24,NR	3 043	3 243	3 173	3 272	3 362
UKF25,NR	2 831	2 997	3 036	3 142	3 181
UKF3,NR	7 456	8 218	8 078	8 521	8 750
UKF30,NR	7 456	8 218	8 078	8 521	8 750
UKG,NR	51 704	54 563	53 814	55 227	56 303
UKG1,NR	12 659	13 419	13 404	13 782	14 167
UKG11,NR	1 920	2 100	2 104	2 100	2 171
UKG12,NR	5 674	5 874	5 859	6 241	6 226
UKG13,NR	5 065	5 445	5 441	5 441	5 770
UKG2,NR	14 932	16 122	15 959	16 346	16 812
UKG21,NR	1 296	1 502	1 454	1 551	1 560
UKG22,NR	3 039	3 453	3 482	3 563	3 562
UKG23,NR	2 368	2 532	2 504	2 547	2 799
UKG24,NR	8 229	8 635	8 519	8 685	8 891
UKG3,NR	24 113	25 022	24 451	25 099	25 324
UKG31,NR	8 516	8 640	8 426	8 551	8 537
UKG32,NR	1 947	1 983	2 034	2 082	2 066
UKG33,NR	2 673	2 799	2 712	2 879	2 780
UKG36,NR	3 088	3 206	3 119	3 133	3 398
UKG37,NR	2 814	2 948	2 913	2 972	3 050
UKG38,NR	2 630	2 789	2 666	2 827	2 716
UKG39,NR	2 445	2 657	2 581	2 655	2 777
UKH,NR	53 236	56 407	56 134	57 762	58 688
UKH1,NR	22 909	24 303	24 337	24 917	25 535
UKH11,NR	1 486	1 494	1 591	1 606	1 632
UKH12,NR	5 001	5 386	5 275	5 445	5 499
UKH14,NR	7 152	7 712	7 568	7 909	8 131
UKH15,NR	3 573	3 711	3 785	3 722	3 900
UKH16,NR	2 988	3 073	3 186	3 287	3 303
UKH17,NR	2 709	2 927	2 932	2 948	3 070
UKH2,NR	13 807	14 648	14 345	14 878	15 256
UKH21,NR	1 429	1 421	1 514	1 532	1 505
UKH23,NR	9 162	9 695	9 331	9 880	9 973
UKH24,NR	1 314	1 483	1 432	1 471	1 495
UKH25,NR	1 902	2 049	2 068	1 995	2 283
UKH3,NR	16 520	17 456	17 452	17 967	17 897
UKH31,NR	1 771	1 969	1 927	2 014	2 020
UKH32,NR	1 155	1 226	1 250	1 298	1 242
UKH34,NR	4 811	5 231	5 207	5 404	5 314
UKH35,NR	2 806	2 673	2 723	2 751	2 768
UKH36,NR	2 733	2 922	2 877	2 994	2 952
UKH37,NR	3 244	3 435	3 468	3 506	3 601
UKI,NR	47 583	50 543	48 607	49 412	50 396
UKI3,NR	5 244	5 711	5 438	5 704	5 512
UKI31,NR	1 088	1 198	1 139	1 233	1 186
UKI32,NR	1 083	1 177	1 123	1 136	1 075
UKI33,NR	1 631	1 795	1 668	1 792	1 786
UKI34,NR	1 442	1 541	1 508	1 543	1 465
UKI4,NR	9 818	10 470	9 842	10 194	10 312
UKI41,NR	2 309	2 547	2 358	2 484	2 398
UKI42,NR	1 062	1 092	1 059	1 067	1 132
UKI43,NR	2 176	2 357	2 164	2 292	2 374
UKI44,NR	2 893	2 966	2 821	2 929	2 947
UKI45,NR	1 378	1 508	1 440	1 422	1 461
UKI5,NR	12 079	12 942	12 372	12 476	12 512
UKI51,NR	3 486	3 715	3 621	3 610	3 786
UKI52,NR	3 459	3 627	3 578	3 703	3 602
UKI53,NR	3 130	3 434	3 156	3 112	3 159
UKI54,NR	2 004	2 166	2 017	2 051	1 965
UKI6,NR	8 793	8 944	8 879	8 847	9 322
UKI61,NR	2 631	2 576	2 655	2 588	2 748
UKI62,NR	2 408	2 578	2 424	2 518	2 606
UKI63,NR	3 754	3 790	3 800	3 741	3 968
UKI7,NR	11 649	12 476	12 076	12 191	12 738
UKI71,NR	2 349	2 474	2 430	2 358	2 434
UKI72,NR	1 612	1 755	1 702	1 768	1 753
UKI73,NR	1 889	1 926	1 950	1 883	2 057
UKI74,NR	3 317	3 547	3 301	3 425	3 694
UKI75,NR	2 482	2 774	2 693	2 757	2 800
UKJ,NR	76 971	81 049	80 429	81 915	82 622
UKJ1,NR	17 037	17 554	17 598	17 954	18 013
UKJ11,NR	5 937	6 239	6 333	6 302	6 223
UKJ12,NR	1 687	1 751	1 761	1 776	1 833
UKJ13,NR	4 014	4 265	4 069	4 377	4 374
UKJ14,NR	5 399	5 299	5 435	5 499	5 583
UKJ2,NR	26 569	28 436	27 850	28 334	28 139
UKJ21,NR	1 976	2 130	2 137	2 196	2 231
UKJ22,NR	6 169	6 633	6 445	6 598	6 683
UKJ25,NR	6 158	6 672	6 592	6 511	6 503
UKJ26,NR	3 604	3 745	3 642	3 654	3 476
UKJ27,NR	5 419	5 816	5 670	5 882	5 795
UKJ28,NR	3 243	3 440	3 364	3 493	3 451
UKJ3,NR	17 124	17 935	18 093	18 496	18 634
UKJ31,NR	1 715	1 732	1 746	1 766	1 765
UKJ32,NR	1 760	1 826	1 924	1 898	1 914
UKJ34,NR	1 690	1 759	1 760	1 840	1 817
UKJ35,NR	4 188	4 317	4 475	4 436	4 534
UKJ36,NR	5 224	5 566	5 462	5 736	5 696
UKJ37,NR	2 547	2 735	2 726	2 820	2 908
UKJ4,NR	16 241	17 124	16 888	17 131	17 836
UKJ41,NR	2 227	2 313	2 144	2 197	2 329
UKJ43,NR	2 985	3 116	3 101	3 138	3 191
UKJ44,NR	5 673	6 014	5 954	6 043	6 126
UKJ45,NR	2 518	2 516	2 596	2 602	2 780
UKJ46,NR	2 838	3 165	3 093	3 151	3 410
UKK,NR	52 968	56 667	57 116	57 107	57 827
UKK1,NR	20 802	22 225	22 505	22 487	22 582
UKK11,NR	3 222	3 316	3 379	3 361	3 505
UKK12,NR	5 769	6 350	6 372	6 367	6 350
UKK13,NR	5 885	6 085	6 441	6 184	6 273
UKK14,NR	1 616	1 742	1 700	1 808	1 729
UKK15,NR	4 310	4 732	4 613	4 767	4 725
UKK2,NR	13 896	15 147	15 012	15 030	15 187
UKK21,NR	3 519	3 813	3 658	3 710	3 577
UKK22,NR	4 812	5 219	5 310	5 215	5 423
UKK23,NR	5 565	6 115	6 044	6 105	6 187
UKK3,NR	5 889	6 210	6 306	6 365	6 571
UKK30,NR	5 889	6 210	6 306	6 365	6 571
UKK4,NR	12 381	13 085	13 293	13 225	13 487
UKK41,NR	2 266	2 439	2 474	2 582	2 591
UKK42,NR	1 738	1 808	1 854	1 798	1 822
UKK43,NR	8 377	8 838	8 965	8 845	9 074
UKL,NR	31 439	33 198	33 066	33 247	34 406
UKL1,NR	20 989	22 104	21 990	22 162	22 888
UKL11,NR	780	862	821	801	862
UKL12,NR	1 235	1 443	1 318	1 351	1 415
UKL13,NR	2 760	2 671	2 728	2 768	2 895
UKL14,NR	4 193	4 558	4 481	4 480	4 723
UKL15,NR	3 104	3 188	3 124	3 098	3 278
UKL16,NR	3 439	3 583	3 600	3 737	3 731
UKL17,NR	3 078	3 202	3 233	3 272	3 350
UKL18,NR	2 400	2 597	2 685	2 655	2 634
UKL2,NR	10 450	11 094	11 076	11 085	11 518
UKL21,NR	2 273	2 458	2 454	2 493	2 545
UKL22,NR	3 948	4 107	4 122	4 104	4 289
UKL23,NR	2 775	2 949	2 939	2 893	2 984
UKL24,NR	1 454	1 580	1 561	1 595	1 700
UKM,NR	53 905	57 287	56 439	57 654	58 193
UKM5,NR	4 442	4 617	4 465	4 583	4 614
UKM50,NR	4 442	4 617	4 465	4 583	4 614
UKM6,NR	4 869	5 382	5 040	5 264	5 433
UKM61,NR	991	1 153	1 025	1 129	1 081
UKM62,NR	1 904	2 083	1 972	2 078	2 207
UKM63,NR	1 204	1 322	1 233	1 235	1 354
UKM64,NR	344	349	358	343	355
UKM65,NR	203	220	220	272	222
UKM66,NR	223	255	232	207	214
UKM7,NR	:	:	:	19 952	20 044
UKM71,NR	:	:	:	3 181	3 074
UKM72,NR	:	:	:	4 734	4 552
UKM73,NR	:	:	:	2 021	1 946
UKM75,NR	:	:	:	4 256	4 423
UKM76,NR	:	:	:	1 638	1 755
UKM77,NR	:	:	:	2 500	2 627
UKM78,NR	:	:	:	1 622	1 667
UKM8,NR	:	:	:	16 647	16 505
UKM81,NR	:	:	:	2 442	2 506
UKM82,NR	:	:	:	6 474	6 383
UKM83,NR	:	:	:	4 074	3 984
UKM84,NR	:	:	:	3 657	3 632
UKM9,NR	:	:	:	11 208	11 597
UKM91,NR	:	:	:	1 277	1 441
UKM92,NR	:	:	:	1 969	1 926
UKM93,NR	:	:	:	3 013	3 124
UKM94,NR	:	:	:	1 434	1 511
UKM95,NR	:	:	:	3 515	3 595
UKN,NR	14 621	15 478	15 359	15 964	15 855
UKN0,NR	14 621	15 478	15 359	15 964	15 855
UKN06,NR	:	:	:	3 150	3 144
UKN07,NR	:	:	:	1 641	1 663
UKN08,NR	:	:	:	1 412	1 347
UKN09,NR	:	:	:	1 595	1 610
UKN10,NR	:	:	:	1 189	1 183
UKN11,NR	:	:	:	1 035	1 063
UKN12,NR	:	:	:	1 244	1 256
UKN13,NR	:	:	:	1 186	1 186
UKN14,NR	:	:	:	1 198	1 162
UKN15,NR	:	:	:	1 317	1 336
UKN16,NR	:	:	:	997	905
EFTA,NR	106 624	110 712	108 270	110 232	110 456
IS,NR	2 049	2 178	2 309	2 238	2 254
IS0,NR	2 049	2 178	2 309	2 238	2 254
IS00,NR	2 049	2 178	2 309	2 238	2 254
IS001,NR	1 274	1 334	1 407	1 372	1 374
IS002,NR	775	844	902	866	880
LI,NR	268	252	271	249	274
LI0,NR	268	252	271	249	274
LI00,NR	268	252	271	249	274
LI000,NR	268	252	271	249	274
NO,NR	40 369	40 676	40 726	40 774	40 840
NO0,NR	40 369	40 676	40 726	40 774	40 840
NO01,NR	7 770	9 156	7 906	7 930	7 966
NO011,NR	3 959	5 491	4 038	3 952	3 894
NO012,NR	3 811	3 665	3 868	3 978	4 072
NO02,NR	4 097	3 927	4 073	4 035	4 095
NO021,NR	2 079	2 063	2 163	2 090	2 165
NO022,NR	2 018	1 864	1 910	1 945	1 930
NO03,NR	8 693	8 382	8 627	8 686	8 586
NO031,NR	2 648	2 490	2 582	2 482	2 602
NO032,NR	2 238	2 220	2 219	2 373	2 227
NO033,NR	2 124	2 008	2 157	2 123	2 119
NO034,NR	1 683	1 664	1 669	1 708	1 638
NO04,NR	5 179	5 035	5 357	5 385	5 540
NO041,NR	964	917	964	960	979
NO042,NR	1 298	1 229	1 355	1 444	1 512
NO043,NR	2 917	2 889	3 038	2 981	3 049
NO05,NR	6 954	6 834	7 080	6 883	6 967
NO051,NR	3 725	3 735	3 813	3 686	3 645
NO052,NR	973	960	1 002	949	1 079
NO053,NR	2 256	2 139	2 265	2 248	2 243
NO06,NR	3 522	3 366	3 499	3 603	3 499
NO060,NR	:	:	:	:	3 499
NO061,NR	2 265	2 233	2 334	2 411	:
NO062,NR	1 257	1 133	1 165	1 192	:
NO07,NR	4 154	3 976	4 184	4 252	4 187
NO071,NR	2 200	2 154	2 230	2 275	2 250
NO072,NR	1 298	1 265	1 309	1 286	1 285
NO073,NR	656	557	645	691	652
CH,NR	63 938	67 606	64 964	66 971	67 088
CH0,NR	63 938	67 606	64 964	66 971	67 088
CH01,NR	10 935	11 730	11 245	11 850	11 859
CH011,NR	5 275	5 599	5 413	5 749	5 750
CH012,NR	2 501	2 726	2 612	2 759	2 724
CH013,NR	3 159	3 405	3 220	3 342	3 385
CH02,NR	15 739	16 545	16 005	16 246	16 254
CH021,NR	9 111	9 644	9 437	9 465	9 451
CH022,NR	2 009	2 049	2 022	2 061	2 058
CH023,NR	2 333	2 500	2 268	2 444	2 464
CH024,NR	1 626	1 655	1 571	1 612	1 601
CH025,NR	660	697	707	664	680
CH03,NR	9 014	9 542	9 181	9 296	9 303
CH031,NR	2 138	2 146	1 988	2 123	2 077
CH032,NR	2 366	2 525	2 432	2 462	2 446
CH033,NR	4 510	4 871	4 761	4 711	4 780
CH04,NR	10 521	11 156	10 716	11 076	11 062
CH040,NR	10 521	11 156	10 716	11 076	11 062
CH05,NR	9 220	9 362	9 216	9 362	9 469
CH051,NR	372	354	370	378	363
CH052,NR	772	743	748	739	774
CH053,NR	478	508	506	506	459
CH054,NR	131	137	155	121	137
CH055,NR	3 805	3 945	3 845	3 886	3 880
CH056,NR	1 704	1 734	1 624	1 746	1 789
CH057,NR	1 958	1 941	1 968	1 986	2 067
CH06,NR	5 585	5 977	5 613	5 911	5 989
CH061,NR	2 900	3 137	2 844	3 077	3 140
CH062,NR	320	367	348	359	324
CH063,NR	1 068	1 164	1 133	1 067	1 152
CH064,NR	255	270	246	279	258
CH065,NR	300	304	296	334	301
CH066,NR	742	735	746	795	814
CH07,NR	2 924	3 294	2 988	3 230	3 152
CH070,NR	2 924	3 294	2 988	3 230	3 152
ME,NR	6 014	6 329	6 464	6 523	6 504
ME0,NR	6 014	6 329	6 464	6 523	6 504
ME00,NR	6 014	6 329	6 464	6 523	6 504
ME000,NR	6 014	6 329	6 464	6 523	6 504
MK,NR	19 718	20 461	20 417	20 318	19 727
MK0,NR	19 718	20 461	20 417	20 318	19 727
MK00,NR	19 718	20 461	20 417	20 318	19 727
MK001,NR	1 657	1 807	1 773	1 679	1 599
MK002,NR	1 951	1 875	1 956	1 942	1 916
MK003,NR	1 909	1 981	1 993	2 007	1 924
MK004,NR	1 764	1 860	1 764	1 846	1 756
MK005,NR	2 945	3 021	2 910	3 062	2 914
MK006,NR	2 237	2 352	2 393	2 405	2 365
MK007,NR	1 604	1 736	1 653	1 634	1 622
MK008,NR	5 651	5 829	5 975	5 743	5 631
MKX,NR	:	:	0	0	0
MKXX,NR	:	:	0	0	0
MKXXX,NR	:	:	0	0	0
AL,NR	20 656	22 418	21 388	22 232	21 804
AL0,NR	20 623	22 418	21 368	22 207	21 778
AL01,NR	6 000	6 435	6 206	6 378	6 276
AL011,NR	927	994	936	920	914
AL012,NR	1 779	1 911	1 936	1 955	2 074
AL013,NR	494	581	511	610	502
AL014,NR	948	1 028	997	1 018	975
AL015,NR	1 852	1 921	1 823	1 875	1 811
AL02,NR	6 707	7 498	7 172	7 455	7 362
AL021,NR	2 052	2 151	2 076	2 206	2 188
AL022,NR	4 655	5 347	5 095	5 249	5 174
AL03,NR	7 916	8 455	7 990	8 374	8 140
AL031,NR	1 066	1 201	1 168	1 223	1 150
AL032,NR	2 225	2 521	2 311	2 500	2 484
AL033,NR	775	786	809	821	744
AL034,NR	2 126	2 286	2 140	2 197	2 089
AL035,NR	1 724	1 661	1 560	1 633	1 673
ALX,NR	33	30	20	25	26
ALXX,NR	33	30	20	25	26
ALXXX,NR	33	30	20	25	:
RS,NR	101 247	103 678	100 834	103 722	101 655
RS1,NR	:	:	:	49 402	48 723
RS11,NR	:	:	:	21 768	21 484
RS110,NR	:	:	:	21 768	21 484
RS12,NR	:	:	:	27 634	27 239
RS121,NR	:	:	:	3 001	3 027
RS122,NR	:	:	:	4 319	4 057
RS123,NR	:	:	:	7 806	7 570
RS124,NR	:	:	:	2 341	2 394
RS125,NR	:	:	:	2 810	2 836
RS126,NR	:	:	:	2 849	2 897
RS127,NR	:	:	:	4 508	4 458
RS2,NR	:	:	:	54 320	52 932
RS21,NR	:	:	:	29 362	28 464
RS211,NR	:	:	:	3 827	3 901
RS212,NR	:	:	:	2 726	2 566
RS213,NR	:	:	:	4 383	4 341
RS214,NR	:	:	:	3 167	3 088
RS215,NR	:	:	:	3 634	3 352
RS216,NR	:	:	:	3 891	3 530
RS217,NR	:	:	:	3 701	3 651
RS218,NR	:	:	:	4 033	4 035
RS22,NR	:	:	:	24 958	24 468
RS221,NR	:	:	:	2 097	2 101
RS222,NR	:	:	:	3 245	3 176
RS223,NR	:	:	:	2 297	2 190
RS224,NR	:	:	:	3 340	3 220
RS225,NR	:	:	:	5 452	5 464
RS226,NR	:	:	:	1 566	1 547
RS227,NR	:	:	:	2 995	2 947
RS228,NR	:	:	:	2 518	2 378
RS229,NR	:	:	:	1 448	1 445
TR,NR	390 121	405 218	422 135	425 781	426 106
TR1,NR	57 908	60 089	62 464	63 273	62 503
TR10,NR	57 908	60 089	62 464	63 273	62 503
TR100,NR	57 908	60 089	62 464	63 273	62 503
TR2,NR	24 845	26 129	26 399	27 212	27 435
TR21,NR	11 052	11 551	11 512	11 951	12 240
TR211,NR	4 981	5 069	5 309	5 452	5 743
TR212,NR	3 261	3 541	3 415	3 558	3 509
TR213,NR	2 810	2 941	2 788	2 941	2 988
TR22,NR	13 793	14 578	14 887	15 261	15 195
TR221,NR	9 603	10 264	10 463	10 717	10 703
TR222,NR	4 190	4 314	4 424	4 544	4 492
TR3,NR	61 064	64 826	67 648	68 424	68 596
TR31,NR	23 430	24 627	26 196	26 500	26 458
TR310,NR	23 430	24 627	26 196	26 500	26 458
TR32,NR	16 909	18 652	19 413	19 816	19 717
TR321,NR	6 743	7 416	7 651	7 731	7 991
TR322,NR	5 539	6 123	6 436	6 500	6 189
TR323,NR	4 627	5 113	5 326	5 585	5 537
TR33,NR	20 725	21 547	22 039	22 108	22 421
TR331,NR	9 257	9 623	10 057	9 908	10 075
TR332,NR	4 766	5 003	4 921	4 905	5 125
TR333,NR	4 344	4 479	4 575	4 719	4 617
TR334,NR	2 358	2 442	2 486	2 576	2 604
TR4,NR	39 961	41 991	43 592	44 210	44 825
TR41,NR	21 866	22 881	23 550	23 826	24 022
TR411,NR	15 115	15 820	16 451	16 617	16 629
TR412,NR	5 301	5 596	5 670	5 688	5 809
TR413,NR	1 450	1 465	1 429	1 521	1 584
TR42,NR	18 095	19 110	20 042	20 384	20 803
TR421,NR	7 276	7 768	8 138	8 356	8 622
TR422,NR	5 284	5 459	5 888	6 026	6 015
TR423,NR	2 099	2 279	2 312	2 267	2 341
TR424,NR	1 993	2 150	2 130	2 098	2 140
TR425,NR	1 443	1 454	1 574	1 637	1 685
TR5,NR	34 556	35 832	37 759	38 873	39 348
TR51,NR	22 393	23 611	24 931	25 589	26 098
TR510,NR	22 393	23 611	24 931	25 589	26 098
TR52,NR	12 163	12 221	12 828	13 284	13 250
TR521,NR	10 795	10 792	11 365	11 811	11 661
TR522,NR	1 368	1 429	1 463	1 473	1 589
TR6,NR	45 360	47 494	50 219	50 471	50 736
TR61,NR	13 845	14 429	15 354	15 688	16 188
TR611,NR	9 023	9 524	10 308	10 497	10 838
TR612,NR	2 818	2 938	2 973	3 070	3 164
TR613,NR	2 004	1 967	2 073	2 121	2 186
TR62,NR	18 012	19 173	20 222	19 979	19 898
TR621,NR	9 781	10 375	10 909	10 921	10 756
TR622,NR	8 231	8 798	9 313	9 058	9 142
TR63,NR	13 503	13 892	14 643	14 804	14 650
TR631,NR	6 830	6 928	7 205	7 379	7 283
TR632,NR	4 512	4 525	4 975	4 892	4 946
TR633,NR	2 161	2 439	2 463	2 533	2 421
TR7,NR	22 359	23 110	23 892	23 989	23 881
TR71,NR	8 876	8 886	9 274	9 552	9 399
TR711,NR	1 889	1 749	1 825	1 909	1 834
TR712,NR	1 868	1 857	1 886	2 068	1 983
TR713,NR	1 820	2 016	2 129	2 065	2 035
TR714,NR	1 838	1 825	1 986	1 987	1 929
TR715,NR	1 461	1 439	1 448	1 523	1 618
TR72,NR	13 483	14 224	14 618	14 437	14 482
TR721,NR	6 403	6 817	7 173	6 980	7 163
TR722,NR	4 131	4 303	4 347	4 424	4 203
TR723,NR	2 949	3 104	3 098	3 033	3 116
TR8,NR	32 739	33 344	34 327	34 718	34 982
TR81,NR	6 985	7 156	7 412	7 496	7 804
TR811,NR	3 898	3 974	4 107	4 127	4 431
TR812,NR	1 614	1 672	1 751	1 744	1 767
TR813,NR	1 473	1 510	1 554	1 625	1 606
TR82,NR	7 166	7 360	7 308	7 405	7 522
TR821,NR	3 655	3 692	3 739	3 774	3 865
TR822,NR	1 585	1 640	1 617	1 592	1 648
TR823,NR	1 926	2 028	1 952	2 039	2 009
TR83,NR	18 588	18 828	19 607	19 817	19 656
TR831,NR	7 866	8 135	8 427	8 700	8 562
TR832,NR	4 233	4 218	4 460	4 500	4 433
TR833,NR	3 990	3 957	4 212	4 126	4 091
TR834,NR	2 499	2 518	2 508	2 491	2 570
TR9,NR	17 267	17 664	18 318	19 163	18 603
TR90,NR	17 267	17 664	18 318	19 163	18 603
TR901,NR	4 939	4 813	4 981	5 119	5 052
TR902,NR	4 830	5 016	5 178	5 507	5 326
TR903,NR	3 237	3 422	3 604	3 729	3 671
TR904,NR	2 032	2 177	2 228	2 402	2 239
TR905,NR	1 304	1 335	1 398	1 454	1 427
TR906,NR	925	901	929	952	888
TRA,NR	10 694	10 935	10 952	10 854	10 858
TRA1,NR	5 798	6 049	6 109	6 090	6 060
TRA11,NR	3 850	4 037	4 154	4 116	4 091
TRA12,NR	1 444	1 511	1 470	1 450	1 471
TRA13,NR	504	501	485	524	498
TRA2,NR	4 896	4 886	4 843	4 764	4 798
TRA21,NR	1 980	1 914	1 845	1 820	1 853
TRA22,NR	1 423	1 474	1 450	1 471	1 416
TRA23,NR	740	781	763	748	775
TRA24,NR	753	717	785	725	754
TRB,NR	15 271	15 535	15 978	15 975	15 420
TRB1,NR	8 598	8 791	9 253	9 264	8 909
TRB11,NR	3 972	4 105	4 266	4 356	4 202
TRB12,NR	3 012	3 092	3 269	3 249	3 067
TRB13,NR	1 063	1 033	1 114	1 076	1 091
TRB14,NR	551	561	604	583	549
TRB2,NR	6 673	6 744	6 725	6 711	6 511
TRB21,NR	3 428	3 429	3 331	3 301	3 283
TRB22,NR	1 348	1 391	1 419	1 445	1 294
TRB23,NR	1 123	1 115	1 118	1 131	1 136
TRB24,NR	774	809	857	834	798
TRC,NR	28 097	28 269	30 587	28 619	28 919
TRC1,NR	10 305	10 497	11 404	10 848	11 060
TRC11,NR	7 157	7 354	7 978	7 591	7 770
TRC12,NR	2 375	2 380	2 641	2 494	2 529
TRC13,NR	773	763	785	763	761
TRC2,NR	11 085	11 083	11 882	11 206	11 071
TRC21,NR	5 802	5 973	6 339	5 919	5 889
TRC22,NR	5 283	5 110	5 543	5 287	5 182
TRC3,NR	6 707	6 689	7 301	6 565	6 788
TRC31,NR	2 587	2 603	2 849	2 622	2 673
TRC32,NR	1 662	1 629	1 771	1 642	1 685
TRC33,NR	1 365	1 391	1 588	1 320	1 342
TRC34,NR	1 093	1 066	1 093	981	1 088
